index,published,topic,term,domain,language,valid,de,title,description,en,la,url,image,archive,content,quote,added,feed,country,ipcc,continent
969dad683c44948d6b61208eb0e77ece,2026-07-02T12:15:51Z,Heat Wave,Hitzewelle Gros de Vaud,www.derstandard.at,de,0.3,"Trotz Hitzewelle nicht wärmster Juni der Messgeschichte. In der ersten Monatshälfte waren die Temperaturen vergleichsweise niedrig. Deshalb ist der Juni 2026 ""nur"" der viertwärmste seit Beginn der Aufzeichnungen",Trotz Hitzewelle nicht wärmster Juni der Messgeschichte,"In der ersten Monatshälfte waren die Temperaturen vergleichsweise niedrig. Deshalb ist der Juni 2026 ""nur"" der viertwärmste seit Beginn der Aufzeichnungen","Despite the heat wave, it was not the warmest June in recorded history. In the first half of the month the temperatures were comparatively low. That's why June 2026 is ""only"" the fourth warmest since records began","Quamvis aestus fluctus, non calidissimus Iunii in historia memoratur. In prima parte mensis temperaturae humiliores erant. Quam ob rem mensis Iunii 2026 ""solum"" quartum calidissimum est ex quo monumenta incohata sunt",https://www.derstandard.at/story/3000000329812/hitze-trotz-hitzewelle-nicht-w228rmster-juni-der-messgeschichte,https://i.ds.at/kN1Ohg/rs:fill:1200:600/plain/lido-images/2026/07/02/e1780c4d-2d29-4d52-bd4f-ad55058db7a2.jpg,,"Bei der Hitze freut man sich über kleine Abkühlungen im Alltag.
IMAGO/Neil Milton
Wien Vierzehn Tage lang Hitze, Temperaturen bis 40 Grad, Juni-Rekordwerte und dann teils schwere Unwetter, die über… [+634 chars]",,2026-07-04 11:42:02+00:00,wmo,Switzerland,WCE,Europe
c0c335f2ae3071144474a1b2d494c42e,2026-07-02T05:16:00Z,Precipitation,sintflutartiger Regen Schweiz,steiermark.orf.at,de,0.3,"Nur kleinräumige Schäden nach Gewittern. Auf die Hitzewelle folgte am Donnerstag eine Kaltfront und in diesem Zusammenhang wurden auch schwere Unwetter befürchtet. In der Steiermark kam es letztlich nur zu kleinräumigen Schäden – etwa in Neuberg an der Mürz, wo ein Bach über die Ufer trat.",Nur kleinräumige Schäden nach Gewittern,"Auf die Hitzewelle folgte am Donnerstag eine Kaltfront und in diesem Zusammenhang wurden auch schwere Unwetter befürchtet. In der Steiermark kam es letztlich nur zu kleinräumigen Schäden – etwa in Neuberg an der Mürz, wo ein Bach über die Ufer trat.","Only small-scale damage after thunderstorms. The heat wave was followed by a cold front on Thursday and in this context severe storms were feared. In Styria, there was ultimately only small-scale damage - for example in Neuberg an der Mürz, where a stream overflowed its banks.","Tantum parvarum damna post tonitribus. Calor unda secuta est frontem frigidam die Iovis et in hoc loco tempestates graves timebantur. In Styria tandem tantum parvae damnum fuit - verbi gratia in Neuberg an der Mürz, ubi rivus ripas suas inundavit.",https://steiermark.orf.at/stories/3360900/,https://ibs.orf.at/stm?image=https%3A%2F%2Foekastatic.orf.at%2Fmims%2F2026%2F27%2F80%2Fcrops%2Fw%3D1200%2Ch%3D627%2Cq%3D75%2F3097388_master_1199580_unwettereinsaetze_im_bereich_muerzzuschlag_neuberg.jpg%3Fs%3Db8687abb622d08b89e58be4849adce941ed88be2,,"Am Mittwoch warnte das Land Steiermark noch vor lokalen, schweren Unwettern mit Hagel und Sturmspitzen von 80 bis 100 km/h. Die Behörde warnte vor herabfallenden Ästen und umfallenden Bäumen und davo… [+1417 chars]",,2026-07-04 21:10:29+00:00,wmo,Switzerland,WCE,Europe
fecb1e1f01bab6b223d96ce4e3b8ffc8,2026-07-05T08:52:26Z,Heat Wave,Hitzewelle Baden,www.diepresse.com,de,0.3,"Keine Wollsocken in der Wüste [premium]. Marokko im Juni ist für jemanden, der die Hitze schlecht verträgt, vielleicht kein optimales Reiseziel. Wobei: So ein kleiner Regentanz wird zukünftig wohl auch in den Wiener Sommern immer öfter fällig.",Keine Wollsocken in der Wüste [premium],"Marokko im Juni ist für jemanden, der die Hitze schlecht verträgt, vielleicht kein optimales Reiseziel. Wobei: So ein kleiner Regentanz wird zukünftig wohl auch in den Wiener Sommern immer öfter fällig.",No wool socks in the desert [premium]. Morocco in June may not be an ideal travel destination for someone who can't tolerate the heat well. Although: Such a little rain dance will probably become more and more common in the Viennese summers in the future.,Non tibialia lana in deserto. Mauritania Iunio mense non potest esse perfecta destinatio peregrinationis alicui qui bene calorem ferre non potest. Quanquam: Talis saltatio pluviula verisimiliter magis ac magis frequentior fiet in Viennensibus aestatibus in futurum.,https://www.diepresse.com/35128987/keine-wollsocken-in-der-wueste,https://www.diepresse.com/assets_v2/images/diepresse_nachrichten.png,,Unlängst war ich in Marokko. Das war noch bevor die Juni-Hitzewelle über Österreich hinwegfegte. Vor der Abreise behielt ich meine Wetter-App tagelang genau im Blick und sah der Temperatur im Südoste… [+2846 chars],,2026-07-10 08:31:23+00:00,wmo,Austria,WCE,Europe
a0b2f83724da6d554b52a9f61c88b57c,2026-07-06T14:49:32Z,Precipitation,Niederschlag liezen,kaernten.orf.at,de,0.3,"Warten auf Abkühlung in Schulen. Der Countdown bis zu den Ferien läuft, nur noch bis Freitag müssen Kärntens 68.000 Schülerinnen und Schüler noch durchhalten und auch schwitzen. Denn die Hitzewelle hat die Temperaturen in den Klassen enorm ansteigen lassen.  Mittelfristig sollen bauliche Maß…",Warten auf Abkühlung in Schulen,"Der Countdown bis zu den Ferien läuft, nur noch bis Freitag müssen Kärntens 68.000 Schülerinnen und Schüler noch durchhalten und auch schwitzen. Denn die Hitzewelle hat die Temperaturen in den Klassen enorm ansteigen lassen.  Mittelfristig sollen bauliche Maß…","Waiting for things to cool down in schools. The countdown to the holidays has begun, Carinthia's 68,000 students only have to hold out and sweat until Friday. Because the heat wave has caused the temperatures in the classes to rise enormously.  In the medium term, structural dimensions should…","Exspectans res in scholis refrigescunt. Comitatus ad festos dies incepit, Carinthiae 68,000 discipuli tantum usque ad Veneris diem sudorem tenere debent. Quia fluctus calor temperaturis in classibus immensum oriri fecit.  In medio termino dimensiones structurales debent…",https://kaernten.orf.at/stories/3361429/,https://ibs.orf.at/ktn?image=https%3A%2F%2Foekastatic.orf.at%2Fmims%2F2026%2F28%2F34%2Fcrops%2Fw%3D1200%2Ch%3D627%2Cq%3D75%2F3103851_master_1202134_20260706_kh_hitze_in_schulen_00_00_12_05.jpg%3Fs%3D67d5df2dded5900d77199ff68858532446bc2439,,In der Klagenfurter VS 13 Am Spitalberg sind die Temperaturen in den Klassenräumen auf bis zu 35 Grad gestiegen. Das Schulgebäude wurde in den 1960er Jahren gebaut. Schuldirektorin Maria Glockner sag… [+3221 chars],,2026-07-11 21:01:39+00:00,wmo,Austria,WCE,Europe
fd06f902bce06c96374391d5181ef606,2026-07-01T17:51:00Z,Drought,Dürre Deutschland,www.sueddeutsche.de,de,0.8,Wasserknappheit: Kommt nach der Hitzewelle die Dürre?. Schon vor der großen Hitze hat es Deutschland kaum geregnet. Wie sich das auf die Böden und das Grundwasser auswirkt – und was das für den Sommer bedeutet.,Wasserknappheit: Kommt nach der Hitzewelle die Dürre?,Schon vor der großen Hitze hat es Deutschland kaum geregnet. Wie sich das auf die Böden und das Grundwasser auswirkt – und was das für den Sommer bedeutet.,"Water shortage: Will drought come after the heat wave? Even before the extreme heat, it hardly rained in Germany. How this affects the soil and groundwater – and what that means for the summer.","Aquae penuriae: Num siccitas veniet post aestus undam? Etiam ante ipsum calorem vix in Germania pluit. Quomodo hoc solum et terra et aqua afficit, et quid aestatem significat.",https://www.sueddeutsche.de/projekte/artikel/wissen/grundwasser-hitzewelle-duerre-folgen-wasserknappheit-e878815/,"https://www.sueddeutsche.de/projekte/artikel/wissen/grundwasser-hitzewelle-duerre-folgen-wasserknappheit-e878815/f9a9ab5acdd9834137183711db53a8a1aeb0f3cb4483b727d9ab6bd1a67fe309_w2400_h1256_r42,0,2071,1084_q70.png",,"Wenn Kommunen zum Wassersparen aufrufen, dann muss meist zuerst der Rasen daran glauben. So prägten in der vergangenen Woche in vielen Teilen Deutschlands braune Gärten mit rissiger Erde das Landscha… [+261 chars]",,2026-07-13 17:21:18+00:00,edo,Germany,WCE,Europe
44398741ff8b0f0a72c8b5ce5685c714,2026-07-07T03:30:00Z,Drought,Dürre Schweiz,www.nzz.ch,de,0.8,"Dürre in der Schweiz: Die Trockenheit verschärft sich weiter. Die Gewitter in der vergangenen Woche haben nur kurzfristig für Entspannung gesorgt. Zunehmend mangelt es Böden, Gewässern und Grundwasservorkommen an Wasser. Die Waldbrandgefahr steigt. Eine Momentaufnahme.",Dürre in der Schweiz: Die Trockenheit verschärft sich weiter,"Die Gewitter in der vergangenen Woche haben nur kurzfristig für Entspannung gesorgt. Zunehmend mangelt es Böden, Gewässern und Grundwasservorkommen an Wasser. Die Waldbrandgefahr steigt. Eine Momentaufnahme.","Drought in Switzerland: The drought continues to worsen. The thunderstorms last week only provided short-term relief. Soils, bodies of water and groundwater resources are increasingly lacking water. The risk of forest fires is increasing. A snapshot.","Siccitas in Helvetia: Siccitas peior pergit. Tonitruum Ultima septimana solum breve tempus subsidio praebebat. Terrae, corpora aquarum et aquarum fundamentorum copiae magis magisque aquae desunt. Periculum incendium silvarum increscit. A snapshot.",https://www.nzz.ch/wissenschaft/duerre-in-der-schweiz-die-trockenheit-verschaerft-sich-weiter-ld.10014295,"https://img-msp-prod.nzz.ch/2026/07/06/2bcf3ddc-18fc-46bb-b7c6-753f717a14b7.jpg?width=1200&height=674&fit=bounds&quality=75&auto=webp&crop=4091,2301,x201,y379&wmark=nzz",,"Die Gewitter in der vergangenen Woche haben nur kurzfristig für Entspannung gesorgt. Zunehmend mangelt es Böden, Gewässern und Grundwasservorkommen an Wasser. Die Waldbrandgefahr steigt. Eine Momenta… [+4589 chars]",,2026-07-13 17:21:18+00:00,edo,Switzerland,WCE,Europe
438790a67cdf7fedf460609d61556ef3,2026-07-08T03:53:55Z,Heat Wave,Hitzewelle Deutschland,www.bild.de,de,0.8,Alarmierende Prognosen - „Scheißsommer!“ Wetter-Experten legen sich fest. Eine Hitzewelle überrollte Deutschland bereits im Juni. Und sie wird nicht das letzte extreme Ereignis gewesen sein. Was neue Wetterdaten verraten.,Alarmierende Prognosen - „Scheißsommer!“ Wetter-Experten legen sich fest,Eine Hitzewelle überrollte Deutschland bereits im Juni. Und sie wird nicht das letzte extreme Ereignis gewesen sein. Was neue Wetterdaten verraten.,Alarming forecasts - “Shitty summer!” Weather experts make their decision. A heat wave hit Germany in June. And it won't be the last extreme event. What new weather data reveals.,"Praenoscere trepida - ""Aestas Shitty!"" Tempestatis periti consilium suum faciunt. Fluctus aestus mense Iunio Germaniam feriat. Et non erit ultimus eventus extremus. Quae nova tempestas data indicat.",https://www.bild.de/news/wetter/wetter-experten-legen-sich-fest-der-sommer-wird-noch-katastrophal-6a4ca4791cbe5f3a786a955d,"https://images.bild.de/6a4ca4791cbe5f3a786a955d/bde4986a6a772dfce91dfabbea2ba53e,16eede42?w=1280",,"TTS-Player überspringenArtikel weiterlesenBerlin Mehrere Temperatur-Rekorde, die dringende Aufforderung zum Wassersparen: Eine beispiellose Hitzewelle überrollte Deutschland bereits im Juni. Das vore… [+4408 chars]",,2026-07-13 17:21:18+00:00,wmo,Germany,WCE,Europe
c1bbdc77ca91fc83bd9f56592b2df838,2026-07-08T08:14:34Z,Drought,Dürre Deutschland,www.welt.de,de,0.8,"„Es wird ein Scheißsommer“, sagt Jörg Kachelmann. Eine „ausgeprägte Hitzewelle“ könnte Deutschland erspart bleiben. Aber mit Blick auch auf die Dürre spricht Meteorologe Jörg Kachelmann von einer „katastrophalen Monatsvorhersage“ für weite Teile Mitteleuropas.","„Es wird ein Scheißsommer“, sagt Jörg Kachelmann",Eine „ausgeprägte Hitzewelle“ könnte Deutschland erspart bleiben. Aber mit Blick auch auf die Dürre spricht Meteorologe Jörg Kachelmann von einer „katastrophalen Monatsvorhersage“ für weite Teile Mitteleuropas.,"“It’s going to be a shitty summer,” says Jörg Kachelmann. Germany could be spared a “pronounced heat wave”. But with a view to the drought, meteorologist Jörg Kachelmann speaks of a “catastrophic monthly forecast” for large parts of Central Europe.","""Aestas shitty futura est"", dicit Jörg Kachelmann. Germania parceri potuit a ""fluctu aestus prolatus"". Sed intuitu siccitatis, astrologus Jörg Kachelmann loquitur de ""menstrua perniciosa praenuntiatio"" pro magnis partibus Europae Centralis.",https://www.welt.de/vermischtes/article6a4de979bb0cf80de56a1bf1/wetter-in-deutschland-es-wird-ein-scheisssommer-fuer-weite-teile-mitteleuropas-sagt-joerg-kachelmann.html,https://images.welt.de/6a4de979bb0cf80de56a1bf1/88236af9cfa5ac93be634fc5324fa27d-master/ci16x9-w1200/597706241-jpg,,Eine ausgeprägte Hitzewelle könnte Deutschland erspart bleiben. Aber mit Blick auch auf die Dürre spricht Meteorologe Jörg Kachelmann von einer katastrophalen Monatsvorhersage für weite Teile Mittele… [+2479 chars],,2026-07-13 17:21:18+00:00,edo,Germany,WCE,Europe
c6fa1fe26764f690ef0d00229bf0ee84,2026-07-09T15:04:51Z,Heat Wave,Hitzewelle Deutschland,www.tagesspiegel.de,de,0.8,"„Hitze-Hammer“ oder „Scheißsommer“?: Was ist dran an den Meldungen – und gibt es in Deutschland eine neue Hitzewelle?. Nach der Hitzewelle Ende Juni fragen sich viele Menschen in Deutschland, ob bald die nächste Extremwetterlage droht. Wie schätzen Meteorologen die Lage ein? Und wie wird der Sommer?",„Hitze-Hammer“ oder „Scheißsommer“?: Was ist dran an den Meldungen – und gibt es in Deutschland eine neue Hitzewelle?,"Nach der Hitzewelle Ende Juni fragen sich viele Menschen in Deutschland, ob bald die nächste Extremwetterlage droht. Wie schätzen Meteorologen die Lage ein? Und wie wird der Sommer?","“Heat hammer” or “shitty summer”?: What’s behind the reports – and is there a new heat wave in Germany? After the heat wave at the end of June, many people in Germany are wondering whether the next extreme weather situation is imminent. How do meteorologists assess the situation? And what will summer be like?","""Aestus malleus"" vel ""aestas cacata""?: Quid est post auditiones - et estne novus calor fluctus in Germania? Post undam aestus exeunte mense Iunio multi in Germania mirantur num condicionem proximam extremae tempestatis immineant. Quomodo astrologi assident condicionem? Et quid simile aestas?",https://www.tagesspiegel.de/gesellschaft/panorama/hitze-hammer-oder-scheisssommer-was-ist-dran-an-den-meldungen--und-gibt-es-in-deutschland-eine-neue-hitzewelle-15823103.html,https://www.tagesspiegel.de/images/15397358/alternates/BASE_16_9_W1400/1783603957000/trockenheit-in-deutschland.jpeg,,"Aktuell zeigt sich Deutschland in puncto Wetter eher zweigeteilt: Meteorologen des Deutschen Wetterdienstes (DWD) berichten, dass im Norden und Osten nur mäßig warme Luftmassen ins Land strömen. Im S… [+8956 chars]",,2026-07-13 17:21:18+00:00,wmo,Germany,WCE,Europe
3d22d03fb08d901b8bc6dd0e270f4971,2026-07-02T15:30:51Z,Drought,Dürre Italien,orf.at,de,0.8,Italien: Venetien ruft wegen Dürre Notstand aus. None,Italien: Venetien ruft wegen Dürre Notstand aus,,Italy: Veneto declares state of emergency due to drought. None,Italia: Venetus declarat statum necessitatis siccitatis. Nullus,https://orf.at/stories/3435098/,https://orf.at/mojo/1_4_1/storyserver//news/common/images/og-fallback-news.png,,Die Region Venetien im Nordosten Italiens hat wegen einer Dürre den Notstand ausgerufen. Unter Verweis auf abnormale Bedingungen forderte Venetiens Präsident Alberto Stefani die örtlichen Behörden au… [+1200 chars],,2026-07-13 21:08:26+00:00,edo,Italy,MED,Europe
66a22c2b9ca85e26865fed966d84fc6d,2026-07-01T17:55:18Z,Thunderstorm,Gewitter Österreich,noe.orf.at,de,0.7,Hagel und Gewitter beenden Hitze. Heftige Regenschauer und Gewitter sind Mittwochnachmittag in weiten Teilen  Niederösterreichs niedergegangen. Laut Feuerwehr lag der Schwerpunkt der Unwetter am frühen Abend im Raum St. Pölten und Tulln. Im Bezirk Melk kam es zu einer Menschenrettung.,Hagel und Gewitter beenden Hitze,Heftige Regenschauer und Gewitter sind Mittwochnachmittag in weiten Teilen  Niederösterreichs niedergegangen. Laut Feuerwehr lag der Schwerpunkt der Unwetter am frühen Abend im Raum St. Pölten und Tulln. Im Bezirk Melk kam es zu einer Menschenrettung.,"Hail and thunderstorms end heat. Heavy rain showers and thunderstorms fell across large parts of Lower Austria on Wednesday afternoon. According to the fire department, the focus of the storm was in the St. Pölten and Tulln area in the early evening. There was a rescue in the Melk district.","Grando et tonitruum finiunt calorem. Heavy rain showers and thunderstorms fell across large parts of Lower Austria on Wednesday afternoon. According to the fire department, the focus of the storm was in the St. Pölten and Tulln area in the early evening. Subveniendum erat in regione Melk.",https://noe.orf.at/stories/3360840/,https://ibs.orf.at/noe?image=https%3A%2F%2Foekastatic.orf.at%2Fmims%2F2026%2F27%2F65%2Fcrops%2Fw%3D1200%2Ch%3D627%2Cq%3D75%2F3096867_master_1199365_20260701_173348.jpg%3Fs%3Dc61a43a4d985ad209fe6819819d6d4c36bf3a60e,,Besonders betroffen von den Unwettern waren am Mittwoch laut Feuerwehr die Bezirke St. Pölten und Tulln. Dort kam es zu Überflutungen von Kellern und Straßen. In geringerem Ausmaß sei auch die Buckli… [+3470 chars],,2026-07-14 07:18:15+00:00,wmo,Austria,WCE,Europe
c30bb0552cd555b1976fff16c81cd005,2026-07-10T03:29:12Z,Storm,Sturm Saanen Gsteig,vorarlberg.orf.at,de,0.3,"Preis für Frauenmuseum und Feuerwehrhaus. Das Feuerwehr- und Kulturhaus mit Frauenmuseum in Hittisau wurde mit dem erstmals vergebenen REAR Award 2026 (Reflect Architecture Award) ausgezeichnet. Der neue Preis würdigt Gebäude, die sich über Jahrzehnte in der Nutzung und im gesellschaftlichen Leben be…",Preis für Frauenmuseum und Feuerwehrhaus,"Das Feuerwehr- und Kulturhaus mit Frauenmuseum in Hittisau wurde mit dem erstmals vergebenen REAR Award 2026 (Reflect Architecture Award) ausgezeichnet. Der neue Preis würdigt Gebäude, die sich über Jahrzehnte in der Nutzung und im gesellschaftlichen Leben be…",Prize for women's museum and fire station. The fire station and culture center with women's museum in Hittisau was awarded the first REAR Award 2026 (Reflect Architecture Award). The new prize honors buildings that have been used and socially relevant for decades.,Praemium mulierum in museo et statione ignis. Statio ignis et culturae centrum cum museo mulierum in Hittisau consideratum est primum Award Award 2026 (Reflect Architecture Award). Nova praemia honorum aedificia quae ad decennia adhibita et socialiter spectantia sunt.,https://vorarlberg.orf.at/stories/3361778/,https://ibs.orf.at/vbg?image=https%3A%2F%2Foekastatic.orf.at%2Fmims%2F2026%2F28%2F78%2Fcrops%2Fw%3D1200%2Ch%3D627%2Cq%3D75%2F3106214_master_1203078_hitt15adolfbereuterfurcukrowicznachbaurarchitekten.jpg%3Fs%3Dc6233f65c1495376181844996ce6a1010c62b698,,"Das von den Vorarlberger Architekten Andreas Cukrowicz und Anton Nachbaur-Sturm geplante Gebäude wurde 2000 eröffnet und vereint Feuerwehr, Musikverein und Frauenmuseum unter einem Dach. Unter 154 Ei… [+742 chars]",,2026-07-17 03:31:20+00:00,wmo,Switzerland,WCE,Europe
c1b9bf734902ac59a48e1d19101469c4,2026-07-14T13:06:57Z,Heat Wave,Hitzewelle Tulln,www.tagesspiegel.de,de,0.3,"Überangebot im Sturm: 1. FC Union stellt Chris Bedia für Vereinssuche frei. Fußball-Bundesligist 1. FC Union Berlin muss im Training auf mehrere Profis verzichten. Einige sind verletzt, ein Stürmer steht vor dem Abschied.",Überangebot im Sturm: 1. FC Union stellt Chris Bedia für Vereinssuche frei,"Fußball-Bundesligist 1. FC Union Berlin muss im Training auf mehrere Profis verzichten. Einige sind verletzt, ein Stürmer steht vor dem Abschied.","Oversupply in the storm: 1. FC Union releases Chris Bedia to search for a club. Bundesliga soccer team 1. FC Union Berlin has to do without several professionals in training. Some are injured, one striker is about to leave.","Nimia in tempestate: 1. FC Union emittit Chris Bedia ad quaerendum fustem. Bundesliga manipulus morbi 1. FC Unionis Berolinensis sine pluribus professionalibus in exercitatione est. Quidam laeditur, percussor relicturus.",https://www.tagesspiegel.de/sport/fussball-bundesliga-bedia-auf-vereinssuche-unioner-ausfallliste-wird-langer-15837630.html,https://www.tagesspiegel.de/images/15837629/alternates/BASE_16_9_W1400/1784035993000/kristoffer-wichmann-und-chris-bedia.jpeg,,Chris Bedia hat bei Fußball-Bundesligist 1. FC Union Berlin keine Zukunft. Der 30 Jahre alte Offensivspieler fehlte am Dienstag beim öffentlichen Training und befindet sich auf Vereinssuche. Mehrere … [+1755 chars],,2026-07-17 03:31:20+00:00,wmo,Austria,WCE,Europe
41a3e1a3ee32429a1ce13fde74c02a4b,2026-07-14T13:49:20Z,Heat Wave,Hitzewelle Aigle Leysin,www.tagesspiegel.de,de,0.3,Eishockey: Sturm kann sich Ehrhoff in DEB-Funktion sehr gut vorstellen. Marco Sturm ist eine Ausnahmeerscheinung im deutschen Eishockey. Der Olympia-Zweite von 2018 wird in München geehrt - und äußert sich zur Bundestrainersuche.,Eishockey: Sturm kann sich Ehrhoff in DEB-Funktion sehr gut vorstellen,Marco Sturm ist eine Ausnahmeerscheinung im deutschen Eishockey. Der Olympia-Zweite von 2018 wird in München geehrt - und äußert sich zur Bundestrainersuche.,Ice hockey: Sturm can very well imagine Ehrhoff in a DEB role. Marco Sturm is an exception in German ice hockey. The 2018 Olympic silver medalist will be honored in Munich - and will comment on the national coach search.,Hockey: Sturm optime potest imaginari Ehrhoff in munere DEB. Marco Sturm hockey in glacie Germanica exceptio est. In MMXVIII Olympia numisma argenteum in Munich honorabitur - et in inquisitione raeda nationalis explanabit.,https://www.tagesspiegel.de/sport/eishockey-sturm-kann-sich-ehrhoff-in-deb-funktion-sehr-gut-vorstellen-15837771.html,https://www.tagesspiegel.de/images/15837770/alternates/BASE_16_9_W1400/1784036960000/marco-sturm.jpeg,,Der ehemalige Bundestrainer Marco Sturm kann sich den früheren Nationalspieler Christian Ehrhoff in einer prominenten Rolle beim Deutschen Eishockey-Bund bestens vorstellen. Er war nicht nur ein groß… [+1447 chars],,2026-07-17 03:31:20+00:00,wmo,Switzerland,WCE,Europe
bfd928ee5036830c402b3e94666f02d2,2026-07-12T04:36:10Z,Snow&Ice,Eis Argentinien,www.sueddeutsche.de,de,0.7,3:1 nach Verlängerung: Álvarez schlenzt Argentinien aus dem Nichts ins Halbfinale. Argentinien kann nichts ohne Drama: Nach einem bemerkenswerten Platzverweis gegen die Schweiz spielen die Weltmeister bis weit in die Verlängerung fast wirkungslos in Überzahl – bis ihr Stürmer den Winkel anvisiert.,3:1 nach Verlängerung: Álvarez schlenzt Argentinien aus dem Nichts ins Halbfinale,Argentinien kann nichts ohne Drama: Nach einem bemerkenswerten Platzverweis gegen die Schweiz spielen die Weltmeister bis weit in die Verlängerung fast wirkungslos in Überzahl – bis ihr Stürmer den Winkel anvisiert.,"3-1 after extra time: Álvarez takes Argentina from nowhere to the semi-finals. Argentina can do nothing without drama: After a remarkable sending-off against Switzerland, the world champions played outnumbered players almost ineffectively well into extra time - until their striker aimed for the corner.","3-1 post tempus subsicivum: Álvarez Argentinam nusquam ad semi finales capit. Argentina sine dramate nihil facere potest: Post praeclarum missionem in Helvetiam, pugiles mundi plures scaenicos paene inefficaces in extra tempus luserunt, donec percussor eorum angulum petivit.",https://www.sueddeutsche.de/sport/argentinien-schweiz-ergebnis-platzverweis-alvarez-li.3514447,https://www.sueddeutsche.de/2026/07/12/05ebecdb-8c7f-4280-885d-558c38144a31.jpg?q=60&fm=webp&width=1200&rect=0%2C0%2C2676%2C1505,,"Ja, feiern können die Argentinier, am inbrünstigsten feiern sie Siege ihres Teams. Und weil ihr Team ihnen nur die allerdramatischsten Siege beschert, fällt es ihnen umso leichter, eruptive Zustände … [+7487 chars]",,2026-07-17 03:31:20+00:00,wmo,Argentina,SES,South-America
83fa9092ba0e8ab478fe14f00fd80c9c,2026-07-14T14:16:59Z,Drought,Trockenheit Österreich,www.diepresse.com,de,0.8,"Trockenheit ohne Ende: In manchen Orten Österreichs war es seit 1885 nicht mehr so trocken. Um den seit Jahresbeginn fehlenden Niederschlag auszugleichen, müsste es in den kommenden Wochen rund 160 Liter pro Quadratmeter zusätzlich regnen. Vor allem im Osten schaut es aber nicht nach nennenswerten Regenmengen aus.",Trockenheit ohne Ende: In manchen Orten Österreichs war es seit 1885 nicht mehr so trocken,"Um den seit Jahresbeginn fehlenden Niederschlag auszugleichen, müsste es in den kommenden Wochen rund 160 Liter pro Quadratmeter zusätzlich regnen. Vor allem im Osten schaut es aber nicht nach nennenswerten Regenmengen aus.","Endless drought: In some places in Austria it hasn't been this dry since 1885. In order to make up for the lack of precipitation since the beginning of the year, it would have to rain an additional 160 liters per square meter in the coming weeks. However, especially in the east, it doesn't look like there will be any significant amounts of rain.","Infinita siccitas: In nonnullis locis in Austria siccum hoc anno 1885 non fuit. Ut propter defectum praecipitationis ab initio anni supplendum, plueret additamentum 160 literae per quadratum metrum in hebdomadibus venientibus. Maxime autem in oriente, non erit aliqua significativa copia pluviarum.",https://www.diepresse.com/37329129/trockenheit-ohne-ende-in-manchen-orten-oesterreichs-war-es-seit-1885-so,https://img.diepresse.com/public/incoming/4zb438-kein-titel/alternates/WEBP_WIDE_1200/kein%20Titel,,"Die Presse auf Google als bevorzugte Nachrichtenquelle hinzufügen.
 Die Trockenheit in Österreich ist mittlerweile ein großes Problem. Wie Geosphere Austria am Dienstag bekannt gab, fiel von 1. Jänn… [+2157 chars]",,2026-07-17 21:04:53+00:00,edo,Austria,WCE,Europe
892adea1022b7da4e45f8266eb93ccdd,2026-07-16T09:28:54Z,Heat Wave,Hitzewelle Italien,www.nzz.ch,de,0.8,"Miesmuscheln, Vongole – und sogar Touristen: wenn die Hitze alles wegbrennt. Italien verzeichnet bereits die dritte Hitzewelle in Folge in diesem Sommer. Erkundungen in einem Land, das geübt ist im Umgang mit Sommer und Wärme.","Miesmuscheln, Vongole – und sogar Touristen: wenn die Hitze alles wegbrennt","Italien verzeichnet bereits die dritte Hitzewelle in Folge in diesem Sommer. Erkundungen in einem Land, das geübt ist im Umgang mit Sommer und Wärme.","Mussels, vongole – and even tourists: when the heat burns everything away. Italy is already experiencing its third consecutive heat wave this summer. Explorations in a country that is used to dealing with summer and warmth.","Conchae, vongole - atque etiam peregrinatores: cum calor omnia urit. Italiam iam tertiam aestus continuis aestus hac aestate experitur. Explorationes rusticae adhibentur in tractatione aestatis et caloris.",https://www.nzz.ch/panorama/hitzewelle-in-italien-wie-ein-land-mit-den-rekordtemperaturen-umgeht-ld.10015415,"https://img-msp-prod.nzz.ch/2026/07/16/c6c7ebd0-2b0d-4a12-b129-fea43d88efc5.jpg?width=1200&height=675&fit=bounds&quality=75&auto=webp&crop=5566,3131,x0,y290&wmark=nzz",,"Italien verzeichnet bereits die dritte Hitzewelle in Folge in diesem Sommer. Erkundungen in einem Land, das geübt ist im Umgang mit Sommer und Wärme.
Zusammenfassung
Hitzebedingt kaum Warteschlange… [+6565 chars]",,2026-07-18 03:20:36+00:00,wmo,Italy,MED,Europe
b6fa32fd164a177771aa9af47f5ce0c2,2026-07-09T14:04:12Z,Heat Wave,Hitzewelle Linz Stadt,ooe.orf.at,de,0.8,Linz will Maßnahmen gegen Hitze ausbauen. Die Hitzewelle hat die Folgen des Klimawandels in Linz deutlich gemacht. Neue Messdaten zeigen: Dicht verbaute Stadtteile heizen sich deutlich stärker auf als grüne Bereiche. Die Stadt will deshalb den Klimaschutz und die Klimaanpassung weiter verstärken.,Linz will Maßnahmen gegen Hitze ausbauen,Die Hitzewelle hat die Folgen des Klimawandels in Linz deutlich gemacht. Neue Messdaten zeigen: Dicht verbaute Stadtteile heizen sich deutlich stärker auf als grüne Bereiche. Die Stadt will deshalb den Klimaschutz und die Klimaanpassung weiter verstärken.,Linz wants to expand measures against heat. The heat wave has made the consequences of climate change in Linz clear. New measurement data shows: Densely built-up districts heat up significantly more than green areas. The city therefore wants to further strengthen climate protection and climate adaptation.,Reverendissimo remediis contra calorem dilatare vult. Calor unda consectaria mutationis climatis in Linz clarum fecit. Novae mensurae notitiae ostendunt: Regiones dense constructae signanter plus quam viridia areas calefaciunt. Civitas igitur climatis tutelam et aptationem climatis adhuc firmare vult.,https://ooe.orf.at/stories/3361967/,https://ibs.orf.at/ooe?image=https%3A%2F%2Foekastatic.orf.at%2Fmims%2F2025%2F04%2F01%2Fcrops%2Fw%3D1200%2Ch%3D627%2Cq%3D75%2F2494732_master_955201_240708_fototour_ooe89_row.jpg%3Fs%3Df8d2a9d001ad931e176cc7203b419346d8778d89,,"Seit Ende 2025 betreibt Linz ein Temperaturmessnetz mit 56 Messstationen. Während der jüngsten Hitzewelle wurden dort Höchstwerte von bis zu 39,3 Grad gemessen. Insgesamt gab es heuer bereits 19 Hitz… [+1407 chars]",,2026-07-18 11:14:29+00:00,wmo,Austria,WCE,Europe
9468d8617e774360e3478f1d3b0bbd6a,2026-07-02T11:53:58Z,Thunderstorm,Unwetter Wien Döbling,www.diepresse.com,de,0.3,"Ein Juni der Extreme: Vom absoluten Tiefstwert von minus 10,1 Grad zum Höchstwert auf 40,1 Grad. Der Juni war trotz Rekord-Hitzewelle nicht der heißeste der Messgeschichte, so GeoSphere Austria. In Tirol war es in der ersten Monatshälfte sogar außergewöhnlich kalt.","Ein Juni der Extreme: Vom absoluten Tiefstwert von minus 10,1 Grad zum Höchstwert auf 40,1 Grad","Der Juni war trotz Rekord-Hitzewelle nicht der heißeste der Messgeschichte, so GeoSphere Austria. In Tirol war es in der ersten Monatshälfte sogar außergewöhnlich kalt.","A June of extremes: from the absolute low of minus 10.1 degrees to the highest of 40.1 degrees. Despite the record heat wave, June was not the hottest in measurement history, according to GeoSphere Austria. In Tyrol it was even exceptionally cold in the first half of the month.","Iunii extremorum: ab absoluta humilitatis minus 10.1 graduum ad summam 40.1 graduum. Quamvis recordum aestus fluctuantis Iunii calidissimus in historia mensurae non fuit, secundum GeoSphere Austriam. In Tyrolis etiam valde frigidum fuit in prima parte mensis.",https://www.diepresse.com/34564792/ein-juni-der-extreme-vom-absoluten-tiefstwert-von-minus-10-1-grad-zum-1,https://img.diepresse.com/public/incoming/1fy5z4-kein-titel/alternates/WEBP_WIDE_1200/kein%20Titel,,"Die Presse auf Google als bevorzugte Nachrichtenquelle hinzufügen.
 Vierzehn Tage lang Hitze, Temperaturen bis 40 Grad, Juni-Rekordwerte und dann teils schwere Unwetter, die über Österreich hinwegzo… [+2507 chars]",,2026-07-18 21:01:57+00:00,wmo,Austria,WCE,Europe
8b5994422db76ce5b1f9aca60fa2f55d,2026-07-19T00:25:02Z,Thunderstorm,Hagel Italien,www.bild.de,de,0.8,"Verletzte! Evakuierung! - Bad-Bunny-Konzert wegen Hagel abgebrochen. Mailand (Italien) – Der Sänger Bad Bunny (32) sollte der Star des Abends werden, doch plötzlich stahl ihm Petrus die Show. Denn der Wettergott jagte kurz...",Verletzte! Evakuierung! - Bad-Bunny-Konzert wegen Hagel abgebrochen,"Mailand (Italien) – Der Sänger Bad Bunny (32) sollte der Star des Abends werden, doch plötzlich stahl ihm Petrus die Show. Denn der Wettergott jagte kurz...","Injured! Evacuation! - Bad Bunny concert canceled due to hail. Milan (Italy) – The singer Bad Bunny (32) was supposed to be the star of the evening, but suddenly Petrus stole the show. Because the weather gods were chasing...","Laesus! Evacuatio! - Malum Bunny concentus resignavit tempore grandinis. Milan (Italy) - Bad Bunny cantor putabatur (32) vespertinae stella, sed subito Petrus spectaculum rapuit. Quia dii tempestates persequebantur...",https://www.bild.de/unterhaltung/musik/konzert-von-bad-bunny-wegen-hagel-abgebrochen-6a5c114bc72232627649b4a3,"https://images.bild.de/6a5c114bc72232627649b4a3/8a748294760911512092a537f9ec4a53,965aca9b?w=1280",,"TTS-Player überspringenArtikel weiterlesenMailand (Italien) Der Sänger Bad Bunny (32) sollte der Star des Abends werden, doch plötzlich stahl ihm Petrus die Show. Denn der Wettergott jagte kurz nach … [+1526 chars]",,2026-07-20 03:55:24+00:00,wmo,Italy,MED,Europe
942290ef477f098cd789494f7ad86625,2026-07-13T02:00:39Z,Heat Wave,Hitzewelle Rohrbach,www.zeit.de,de,0.3,Ein Jahr danach: Schock sitzt tief: Das tödliche Zugunglück von Riedlingen. Hier finden Sie Informationen zu dem Thema „Ein Jahr danach“. Lesen Sie jetzt „Schock sitzt tief: Das tödliche Zugunglück von Riedlingen“.,Ein Jahr danach: Schock sitzt tief: Das tödliche Zugunglück von Riedlingen,Hier finden Sie Informationen zu dem Thema „Ein Jahr danach“. Lesen Sie jetzt „Schock sitzt tief: Das tödliche Zugunglück von Riedlingen“.,One year later: Shock is deep: the fatal train accident in Riedlingen. Here you will find information on the topic “One year later”. Now read “Shock runs deep: The fatal train accident in Riedlingen”.,"Uno anno post: Offensus est altus: casus fatalis in Riedlingen. Hic informationes invenies in argumento ""Uno anno post"". Nunc legitur ""Concussus altum currit: casus fatalis in Riedlingen"".",https://www.zeit.de/news/2026-07/13/schock-sitzt-tief-das-toedliche-zugunglueck-von-riedlingen,https://img.zeit.de/news/2026-07/13/schock-sitzt-tief-das-toedliche-zugunglueck-von-riedlingen-image-group/wide__1300x731,,"Unwetter. Regen. Ein umgestürzter Baum soll auf einer schmalen Straße neben einer Bahnstrecke liegen. Als die Feuerwehr zu dem vermeintlichen Routineeinsatz ausrückt, ahnt niemand, dass sich wenige M… [+5735 chars]",,2026-07-22 03:34:43+00:00,wmo,Austria,WCE,Europe
dd6abb7e48d1987a99c0b2065d0ef811,2026-07-17T13:39:38Z,Heat Wave,Hitzewelle Rohrbach,www.welt.de,de,0.3,DWD warnt vor schweren Gewittern am Abend – im „worst case“ mit Überschwemmungen. Vom Südwesten bis zum Osten müssen sich die Bürger auf starke Gewitter einstellen. Der Deutsche Wetterdienst hält auch Hagel und Starkregen für möglich.,DWD warnt vor schweren Gewittern am Abend – im „worst case“ mit Überschwemmungen,Vom Südwesten bis zum Osten müssen sich die Bürger auf starke Gewitter einstellen. Der Deutsche Wetterdienst hält auch Hagel und Starkregen für möglich.,"DWD warns of severe thunderstorms in the evening – in the “worst case” with flooding. From the southwest to the east, citizens have to prepare for strong thunderstorms. The German Weather Service also considers hail and heavy rain to be possible.","DWD gravia tonitribus admonet vespere - in ""pessimo casu"" cum inundatione. Ab occasu brumali ad orientem cives fortes tonitribus parant. Ministerium Tempestatis Germanorum etiam grandinem et imbrem gravem posse fieri putat.",https://www.welt.de/vermischtes/article6a5a23f161b8a80211aa9a41/wetter-in-deutschland-dwd-warnt-vor-schweren-gewittern-am-abend-im-worst-case-mit-ueberschwemmungen.html,https://images.welt.de/6a5a23f161b8a80211aa9a41/d2f8c1525467299ac3d5f33b9b49b9e9-master/ci16x9-w1200/dpa-com-260717-936-42754-jpg,,Vom Südwesten bis zum Osten müssen sich die Bürger auf starke Gewitter einstellen. Der Deutsche Wetterdienst hält auch Hagel und Starkregen für möglich.Eine neue Unwetterfront macht sich über Deutsch… [+2360 chars],,2026-07-22 03:34:43+00:00,wmo,Austria,WCE,Europe
d7445c3dbbddd571185eea5681e9562a,2026-07-19T06:00:19Z,Thunderstorm,Unwetter baden,www.welt.de,de,0.3,"Konzert von Bad Bunny wegen Unwetter abgebrochen. Wegen heftigen Unwetters mit Blitz, Sturm und Hagel musste Bad Bunny sein Konzert in Mailand nach nur sechs Songs abbrechen. Rund 80.000 Fans wurden evakuiert, mehrere Besucher erlitten Verletzungen durch Hagelkörner.",Konzert von Bad Bunny wegen Unwetter abgebrochen,"Wegen heftigen Unwetters mit Blitz, Sturm und Hagel musste Bad Bunny sein Konzert in Mailand nach nur sechs Songs abbrechen. Rund 80.000 Fans wurden evakuiert, mehrere Besucher erlitten Verletzungen durch Hagelkörner.","Bad Bunny concert canceled due to storms. Due to severe storms with lightning, storms and hail, Bad Bunny had to cancel his concert in Milan after only six songs. Around 80,000 fans were evacuated and several visitors suffered injuries from hailstones.","Malum Bunny concentus propter procellas resignavit. Ob graves procellas cum fulminibus, procellis et grandibus, Malum Bunny concentum suum in Mediolano post sex tantum cantiones ad tollendum habuit. Circa octoginta milia fanorum evacuata sunt et plures visitatores iniurias grandinum passi sunt.",https://www.welt.de/videos/video6a5c5ef5c72232627649b650/mailand-konzert-von-bad-bunny-wegen-unwetter-abgebrochen.html,https://images.welt.de/6a5c5ef5c72232627649b650/0b15036a1107694afd6d2470750aaaa8/ci16x9-w1200/dpa-com-260719-99-97790-jpg,,"Wegen heftigen Unwetters mit Blitz, Sturm und Hagel musste Bad Bunny sein Konzert in Mailand nach nur sechs Songs abbrechen. Rund 80.000 Fans wurden evakuiert, mehrere Besucher erlitten Verletzungen … [+77 chars]",,2026-07-22 03:34:43+00:00,wmo,Austria,WCE,Europe
fda0a1670c593c1248723c54d0c2f939,2026-07-11T18:33:50Z,Heat Wave,Hitzewelle Italien,www.morgenpost.de,de,0.8,Italien kämpft gegen schwere Waldbrände – auch Urlaubsinsel betroffen. Während einer Hitzewelle sind in Italien mehrere Waldbrände ausgebrochen. Rund 600 Hektar Wald wurden durch die Flammen bereits vernichtet.,Italien kämpft gegen schwere Waldbrände – auch Urlaubsinsel betroffen,Während einer Hitzewelle sind in Italien mehrere Waldbrände ausgebrochen. Rund 600 Hektar Wald wurden durch die Flammen bereits vernichtet.,Italy is fighting serious forest fires – the holiday island is also affected. Several forest fires broke out in Italy during a heat wave. Around 600 hectares of forest have already been destroyed by the flames.,Italia gravibus ignibus silvestribus pugnatur – feriae etiam insulae afficiuntur. Aliquot silvae incendia in Italia per aestum fluctum exarserunt. Circum DC hectares silvae iam flammis absumptae sunt.,https://www.morgenpost.de/panorama/article412549318/italien-kaempft-gegen-schwere-waldbraende-auch-urlaubsinsel-betroffen.html,https://img.sparknews.funkemedien.de/412549358/412549358_1783794611_v16_9_1600.jpeg,,"Glühende Hitze, ausgedörrte Wälder und starker Wind sorgen derzeit für schwere Waldbrände in Italien. In der Region Piemont kämpfen Hunderte Einsatzkräfte gegen außer Kontrolle geratene Feuer, ganze … [+2770 chars]",,2026-07-22 11:57:46+00:00,wmo,Italy,MED,Europe
e8d835423cb215969d9aafb53f07c77d,2026-07-16T02:13:25Z,Drought,Trockenheit Deutschland,www.tagesspiegel.de,de,0.8,Sommerwetter: Wegen Hitze und Trockenheit Debatte um Wasserverbrauch. Einfach mal die Blumen gießen? In Teilen Europas ist das nicht mehr so einfach. In Deutschland wächst die Debatte über den Umgang mit knappem Wasser.,Sommerwetter: Wegen Hitze und Trockenheit Debatte um Wasserverbrauch,Einfach mal die Blumen gießen? In Teilen Europas ist das nicht mehr so einfach. In Deutschland wächst die Debatte über den Umgang mit knappem Wasser.,"Summer weather: Due to heat and drought, debate about water consumption. Just water the flowers? In parts of Europe this is no longer so easy. In Germany, the debate about how to deal with scarce water is growing.","Tempestas aestiva: Ob calorem et siccitatem, disputatio de consummatione aquae. Quomodo flores rigavisti? In partibus Europae hoc tam facile iam non est. In Germania disceptatio quomodo agere vix aqua crescit.",https://www.tagesspiegel.de/gesellschaft/panorama/sommerwetter-wegen-hitze-und-trockenheit-debatte-um-wasserverbrauch-15844677.html,https://www.tagesspiegel.de/images/15844676/alternates/BASE_16_9_W1400/1784168005000/sommerwetter-in-irland.jpeg,,Die hohen Temperaturen sorgen nun auch im vermeintlich immergrünen Irland für Einschränkungen beim Wasserverbrauch. Seit der Nacht gilt in Dublin und Teilen Ostirlands eine sechswöchige Water Conserv… [+3982 chars],,2026-07-22 11:57:46+00:00,edo,Germany,WCE,Europe
4bc1d481443889ccfab8ad9ab1d23847,2026-07-19T07:27:00Z,Heat Wave,Hitzewelle Luzern Alpnach,www.focus.de,de,0.3,Heftiger Hagel: Bad Bunny-Konzert muss nach 6 Songs abgebrochen werden. Bad Bunnys Konzert in Mailand endet nach nur sechs Songs. Ein Unwetter mit riesigen Hagelkörnern zwang 80.000 Fans zur Flucht.,Heftiger Hagel: Bad Bunny-Konzert muss nach 6 Songs abgebrochen werden,Bad Bunnys Konzert in Mailand endet nach nur sechs Songs. Ein Unwetter mit riesigen Hagelkörnern zwang 80.000 Fans zur Flucht.,"Heavy hail: Bad Bunny concert has to be canceled after 6 songs. Bad Bunny's concert in Milan ends after just six songs. A storm with huge hailstones forced 80,000 fans to flee.",Gravis ave: Malum Bunny concentus cassari post 6 carmina. Bad Bunny's concert in Milan ends after sex carmina. Tempestas ingentibus grandinibus octoginta milia fanorum fugere coegit.,https://www.focus.de/panorama/heftiger-hagel-bad-bunny-konzert-muss-nach-6-songs-abgebrochen-werden_57f66ab7-22de-46b1-ac37-79ce960c6b72.html,"https://quadro.burda-forward.de/ctf/7fab425d-23f6-4fcc-9974-68446b425ba6.ad806a0e-d102-4fa7-a1a1-26423c68fa92.jpg?im=RegionOfInterestCrop=(1200,630),regionOfInterest=(1680,636)&hash=c02e4e9a091aad6ade2db3daf3541bb4e8937b2901d268018cc1a38cf9ac7f7c",,"Heftiger Hagel hat den Auftritt von Bad Bunny in Mailand abrupt beendet. Rund 80.000 Fans mussten das Ippodromo SNAI San Siro am Samstagabend verlassen, nachdem Sturm, Blitze und Hagel über die nordi… [+923 chars]",,2026-07-22 16:39:14+00:00,wmo,Switzerland,WCE,Europe
f87287e744e2f4c9063ced30d4f9d7b2,2026-07-13T08:46:13Z,Drought,Trockenperiode Deutschland,www.faz.net,de,0.3,"Immobilien im Wandel: Hitzewellen fordern Europas Städte heraus. Schatten, Pflanzen und Klimaanlagen: Städte bemühen sich um Abkühlung im Sommer. Wie reagieren andere Länder auf die Hitze?",Immobilien im Wandel: Hitzewellen fordern Europas Städte heraus,"Schatten, Pflanzen und Klimaanlagen: Städte bemühen sich um Abkühlung im Sommer. Wie reagieren andere Länder auf die Hitze?","Real estate in transition: heat waves challenge Europe's cities. Shade, plants and air conditioning: cities strive to cool down in summer. How are other countries reacting to the heat?","Realis praedium in transitu: fluctus aestus civitates Europae provocant. Umbra, plantae et caeli condiciones: urbes aestate refrigerari contendunt. Quomodo in aliis regionibus calori gravissimo?",https://www.faz.net/aktuell/wirtschaft/immobilien-wohnen/energie-heizung/schatten-baeume-klimaanlagen-staedte-wappnen-sich-gegen-die-hitze-accg-200987435.html,https://media0.faz.net/image/w1200h627/178a2fc69fb7/w5635h2944x0y363o/202607/43601.0.2289889037/wasserspiele-im-madrid-rio.webp,,"Im Sommer kommt es zu immer neuen Hitzerekorden. Vor allem in den belebten Städten steigen die Temperaturen an. Viel Beton, wenig Grünflächen: Der urbane Raum heizt sich tendenziell auf. Das stellt d… [+14081 chars]",,2026-07-24 11:50:55+00:00,edo,Germany,WCE,Europe
735f1521bd63d8bbaa87fbbd44ebb1b2,2026-07-13T00:06:52Z,Heat Wave,Hitzewelle Waidhofen an der Ybbs-Stadt,www.sueddeutsche.de,de,0.3,"Hohe Temperaturen: Hitzewelle in Europa forderte mehr als 10 000 zusätzliche Todesopfer. Hohe Temperaturen können tödlich sein, insbesondere ältere Menschen sind stark gefährdet.  Sterbestatistiken aus 27 europäischen Ländern zeigen das Ausmaß der Hitzewelle im vergangenen  Monat.",Hohe Temperaturen: Hitzewelle in Europa forderte mehr als 10 000 zusätzliche Todesopfer,"Hohe Temperaturen können tödlich sein, insbesondere ältere Menschen sind stark gefährdet.  Sterbestatistiken aus 27 europäischen Ländern zeigen das Ausmaß der Hitzewelle im vergangenen  Monat.","High temperatures: Heat wave in Europe claimed more than 10,000 additional lives. High temperatures can be fatal, and older people are particularly at risk.  Death statistics from 27 European countries show the extent of the heat wave last  month.","Temperatura alta: unda caloris in Europa plus quam 10,000 vitae additae petita est. Altas temperaturas funestas esse potest, et maiores praecipue sunt in periculo.  Mors statistica de 27 terris Europaeis magnitudinem aestus ultimo  mensi ostendet.",https://www.sueddeutsche.de/panorama/europa-hitzewelle-juni-2026-todesfaelle-auswirkungen-klimawandel-li.3514785,https://www.sueddeutsche.de/2026/07/09/88eac840-f9e9-4b0d-834c-98eb823a187e.jpg?q=60&fm=webp&width=1200&rect=0%2C151%2C2048%2C1152,,"Eine derartige Übersterblichkeit zu dieser Jahreszeit ist ungewöhnlich. Sie ist wirklich hoch, sagte Lasse Vestergaard vom dänischen Statens Serum Institut, bei dem EuroMOMO angesiedelt ist, der Nach… [+1197 chars]",,2026-07-24 16:50:44+00:00,wmo,Austria,WCE,Europe
b4ccee46b46f4850d0aace5729c35473,2026-07-13T01:00:43Z,Storm,Sturmflut Klagenfurt Stadt,www.zeit.de,de,0.3,Hitzewelle in Westeuropa: Mehr als 10.000 zusätzliche Tote in Westeuropa wegen Hitzewelle. Die hohen Temperaturen haben in der letzten Juniwoche in Westeuropa zu einer starken Übersterblichkeit geführt. Ursache für die extreme Hitze ist der Klimawandel.,Hitzewelle in Westeuropa: Mehr als 10.000 zusätzliche Tote in Westeuropa wegen Hitzewelle,Die hohen Temperaturen haben in der letzten Juniwoche in Westeuropa zu einer starken Übersterblichkeit geführt. Ursache für die extreme Hitze ist der Klimawandel.,"Heat wave in Western Europe: More than 10,000 additional deaths in Western Europe due to heat wave. The high temperatures in the last week of June led to high excess mortality in Western Europe. The cause of the extreme heat is climate change.","Calor fluctus in Europa occidentali: Plus quam 10,000 mortes additae in Europa occidentali ob undam caloris. Temperatura altae in ultima septimana mensis Iunii ad altitudinem mortalitatis excessus in Europa occidentali ducitur. Causa extremi caloris est mutatio climatis.",https://www.zeit.de/gesundheit/2026-07/hitzewelle-westeuropa-uebersterblichkeit-klimawandel-euromomo,https://img.zeit.de/gesundheit/2026-07/hitze-in-deutschland-berlin-bild/wide__1300x731,,Die außergewöhnlich hohen Temperaturen haben in der letzten Juniwoche mehr als 10.000 Menschen in Westeuropa das Leben gekostet. Mehr als 9.000 von ihnen waren über 65 Jahre alt. Das geht aus Daten d… [+2362 chars],,2026-07-24 16:50:44+00:00,wmo,Austria,WCE,Europe
6f19ef64a58cc5b4ebcda8579c48ea35,2026-07-13T03:27:01Z,Heat Wave,Hitzewellenhorn,www.diepresse.com,de,0.3,"10.000 zusätzliche Tote in Europa: „Schwierig, Wert mit etwas anderem als der extremen Hitze zu erklären“. „Eine derartige Übersterblichkeit zu dieser Jahreszeit ist ungewöhnlich. Sie ist wirklich hoch“, sagt Lasse Vestergaard vom dänischen Statens Serum Institut.","10.000 zusätzliche Tote in Europa: „Schwierig, Wert mit etwas anderem als der extremen Hitze zu erklären“","„Eine derartige Übersterblichkeit zu dieser Jahreszeit ist ungewöhnlich. Sie ist wirklich hoch“, sagt Lasse Vestergaard vom dänischen Statens Serum Institut.","10,000 additional deaths in Europe: “Difficult to explain value with anything other than the extreme heat”. ""Such excess mortality at this time of year is unusual. It is really high,"" says Lasse Vestergaard from the Danish Statens Serum Institute.","10,000 mortes additae in Europa: ""Difficile est ad explicandum valorem nullo alio quam maximo calore"". ""Talis mortalitatis excessus hoc anni tempore insolitum est. Vere princeps est"", inquit Lasse Vestergaard ex Civitatibus Danicis Serum Institutum.",https://www.diepresse.com/36797471/10000-zusaetzliche-tote-in-europa-schwierig-wert-mit-etwas-anderem-als,https://img.diepresse.com/public/incoming/oi75pr-imago-images-0861379495/alternates/WEBP_WIDE_1200/imago%20images%200861379495,,"Die Presse auf Google als bevorzugte Nachrichtenquelle hinzufügen.
 Die Hitzewelle in Westeuropa Ende Juni hat zu mehr als 10.000 zusätzlichen Todesfällen geführt. Die große Mehrheit mehr als 9000 w… [+1730 chars]",,2026-07-24 16:50:44+00:00,wmo,Austria,WCE,Europe
e91a89fd16ff8d184c829898f1a4a986,2026-07-13T06:20:54Z,Storm,Sturmflut Lilienfeld,science.orf.at,de,0.3,"10.000 zusätzliche Todesopfer in Europa. Die Hitzewelle in Westeuropa Ende Juni hat zu mehr als 10.000 zusätzlichen Todesfällen geführt. Die große Mehrheit – mehr als 9.000 – waren über 65-Jährige, geht aus Daten des von der EU-Gesundheitsbehörde ECDC und der Weltgesundheitsorganisation (WHO) unters…",10.000 zusätzliche Todesopfer in Europa,"Die Hitzewelle in Westeuropa Ende Juni hat zu mehr als 10.000 zusätzlichen Todesfällen geführt. Die große Mehrheit – mehr als 9.000 – waren über 65-Jährige, geht aus Daten des von der EU-Gesundheitsbehörde ECDC und der Weltgesundheitsorganisation (WHO) unters…","10,000 additional deaths in Europe. The heat wave in Western Europe at the end of June led to more than 10,000 additional deaths. The vast majority - more than 9,000 - were over 65 years old, according to data from the EU health agency ECDC and the World Health Organization (WHO)...","10,000 mortes in Europa additae. Calor fluctus in Europa occidentali exeunte mense Iunio ad plus quam 10,000 mortes additas duxit. Magna pars maxima - plus quam 9,000 - praeerant 65 annorum, secundum data ex procuratione sanitatis EU ECDC et Organizationis Medicae Mundialis (WHO)...",https://science.orf.at/stories/3236424/,https://ibs.orf.at/science?image=https%3A%2F%2Ftubestatic.orf.at%2Fmojo%2F1_4_1%2Fstoryserver%2Ftube%2Fscience%2Fimages%2Fog-fallback.jpg%3Fs%3D9468ebfda8d575e29237d4fe069891178635d8e1,,"Extreme Hitze kann zum Tod führen, indem sie einen Hitzschlag verursacht oder Herz-Kreislauf- und Atemwegserkrankungen verschlimmert, wobei ältere Menschen am stärksten gefährdet sind. Eine derartige… [+1357 chars]",,2026-07-24 16:50:44+00:00,wmo,Austria,WCE,Europe
10573f42b0449729acdbe3ac5a91b29e,2026-07-13T15:03:39Z,Heat Wave,Hitzewelle-Innsbruck-Land,www.morgenpost.de,de,0.3,Hitzewelle in Europa verursacht über 10.000 zusätzliche Todesfälle. Die Rekordhitze im Juni hat in Europa zu einer erheblichen Übersterblichkeit geführt. Dabei war eine Gruppe besonders stark betroffen.,Hitzewelle in Europa verursacht über 10.000 zusätzliche Todesfälle,Die Rekordhitze im Juni hat in Europa zu einer erheblichen Übersterblichkeit geführt. Dabei war eine Gruppe besonders stark betroffen.,"Heatwave in Europe causes over 10,000 additional deaths. The record heat in June led to significant excess mortality in Europe. One group was particularly badly affected.",Heatwave in Europa plus decem milia mortium additorum facit. Recordum caloris mense Iunio ad significandum excessum mortalitatis in Europa adduxit. Coetus unus maxime male adfectus est.,https://www.morgenpost.de/panorama/article412567833/hitzewelle-in-europa-verursacht-ueber-10000-zusaetzliche-todesfaelle.html,https://img.sparknews.funkemedien.de/412566464/412566464_1783955018_v16_9_1600.jpeg,,Während der außergewöhnlich hohen Temperaturen in der letzten Juniwoche sind in Europa rund 10.000 Menschen mehr gestorben als in diesem Zeitraum üblich. Das berichtet die Nachrichtenagentur Reuters … [+2274 chars],,2026-07-24 16:50:44+00:00,wmo,Austria,WCE,Europe
4ac30219848b04bc3cc24ffc0bc8de73,2026-07-23T03:05:06Z,Heat Wave,Hitzewelle Linz Stadt,www.n-tv.de,de,0.3,Gemeinden bei Madrid geräumt: Waldbrände zwingen Spaniens Behörden zu Evakuierung. Um Madrid herum toben mehrere Waldbrände. Am Abend müssen die Bewohner mehrerer Dörfer in der Nähe der spanischen Hauptstadt ihre Häuser verlassen. Und eine neue Hitzewelle beginnt gerade erst.,Gemeinden bei Madrid geräumt: Waldbrände zwingen Spaniens Behörden zu Evakuierung,Um Madrid herum toben mehrere Waldbrände. Am Abend müssen die Bewohner mehrerer Dörfer in der Nähe der spanischen Hauptstadt ihre Häuser verlassen. Und eine neue Hitzewelle beginnt gerade erst.,"Communities near Madrid evacuated: forest fires force Spanish authorities to evacuate. Several forest fires are raging around Madrid. In the evening, residents of several villages near the Spanish capital had to leave their homes. And a new heat wave is just beginning.",Communitates prope Matritum excesserunt: incendia silvestria vi auctoritates Hispanicas decedere. Plures silvae circa Matritum saeviunt incendia. Sub vesperum incolas complures vicos prope urbem Hispaniae domiciliis suis relinquere debebant. Et novus calor incohat.,https://www.n-tv.de/panorama/Waldbraende-zwingen-Spaniens-Behoerden-zu-Evakuierung-id31115245.html,https://www.n-tv.de/img/31115229/1784782895/Img_16_9/1200/22-07-2026-Spanien-Condemios-de-Arriba-Ein-Loeschhubschrauber-ist-waehrend-eines-Waldbrandes-in-der-Naehe-von-Condemios-de-Arriba-in-der-Provinz-Guadalajara-im-Einsatz-Der-Brand-zaehlt-zu-den-groessten-Braenden-der-juengeren-Geschichte-Spaniens.jpg,,"Seit dem 1. Januar sind in Spanien 125.000 Hektar Wald verbrannt. (Foto: dpa)
Um Madrid herum toben mehrere Waldbrände. Am Abend müssen die Bewohner mehrerer Dörfer in der Nähe der spanischen Haupts… [+1807 chars]",,2026-07-24 16:50:44+00:00,wmo,Austria,WCE,Europe
2c01767f35cbc0143f065da31ada6d55,2026-07-23T05:28:00Z,Heat Wave,Hitzewelle Sizilien,www.sueddeutsche.de,de,0.8,Hitzewelle: Waldbrände in Südwesteuropa breiten sich weiter aus. Spanien kämpft mit einem der größten Waldbrände seiner Geschichte. An der französischen Atlantikküste müssen Tausende Urlauber in Sicherheit gebracht. Auf Sizilien verschärft heißer Wüstenwind die Lage.,Hitzewelle: Waldbrände in Südwesteuropa breiten sich weiter aus,Spanien kämpft mit einem der größten Waldbrände seiner Geschichte. An der französischen Atlantikküste müssen Tausende Urlauber in Sicherheit gebracht. Auf Sizilien verschärft heißer Wüstenwind die Lage.,"Heat wave: Forest fires continue to spread in southwestern Europe. Spain is battling one of the largest forest fires in its history. Thousands of holidaymakers have to be brought to safety on the French Atlantic coast. In Sicily, hot desert winds are making the situation worse.",Fluctus aestus: Silvarum ignes in Europa australi pergunt diffundere. Hispania una ex maximis incendiis silvarum in historia certat. Milia feriarum facienda in ora Atlantico Gallico ad salutem adducenda sunt. In Sicilia deserti venti aestus rem deteriorem faciunt.,https://www.sueddeutsche.de/panorama/waldbraende-hitzewelle-italien-spanien-frankreich-li.3520235,https://www.sueddeutsche.de/2026/07/23/7b01fd5d-8226-445d-b9a5-228df8efd7f8.jpg?q=60&fm=webp&width=1200&rect=0%2C182%2C3500%2C1969,,"An der französischen Atlantikküste bei Bordeaux wurden Tausende Touristen wegen eines Waldbrandes vorsorglich in Sicherheit gebracht. Wie die Präfektur in Bordeaux am Abend mitteilte, habe der am Mor… [+3814 chars]",,2026-07-25 07:25:49+00:00,wmo,Italy,MED,Europe
bc37bf6b0d3aca1e4e37824d24d0f97a,2026-07-21T14:09:17Z,Heat Wave,Hitzewelle einsiedeln wägital,www.spektrum.de,de,0.3,Frühe und häufige Hitzewellen: Herrscht in Europa ein neues Klima?. Extreme Hitzewellen hatten Europa dieses Jahr schon früh im Griff. Nach Ansicht einiger Forscher ist das der Beginn einer neuen klimatischen Realität für den gemäßigten Kontinent.,Frühe und häufige Hitzewellen: Herrscht in Europa ein neues Klima?,Extreme Hitzewellen hatten Europa dieses Jahr schon früh im Griff. Nach Ansicht einiger Forscher ist das der Beginn einer neuen klimatischen Realität für den gemäßigten Kontinent.,"Early and frequent heat waves: Is there a new climate in Europe? Extreme heat waves hit Europe early this year. According to some researchers, this is the beginning of a new climate reality for the temperate continent.","Maturissimus et creber undarum aestus: Estne novum caelum in Europa? Fluctus aestus maximos hoc anno primo Europam percussit. Secundum quosdam investigatores, hoc initium est novae rei climatis continenti continenti.",https://www.spektrum.de/news/extreme-hitzewellen-herrscht-in-europa-ein-neues-klima/2331324,https://static.spektrum.de/fm/912/f1920x1080/606627806_pa.jpg,,"Das hat gravierende Folgen. In Frankreich, wo Ende Juni in der Gemeinde Pissos mit 44,3 Grad Celsius der heißeste Tag aller Zeiten verzeichnet wurde, starben mindestens 54 Menschen an den Folgen der … [+5201 chars]",,2026-07-27 17:05:57+00:00,wmo,Switzerland,WCE,Europe
dca9d948bcd22a8be67622b092dca878,2026-07-01T16:43:14Z,Heat Wave,Hitzewelle vor den Waadtländer Alpen,burgenland.orf.at,de,0.3,Vereinzelt Sturm- und Unwetter-Einsätze. Der Wetterumschwung hat am Mittwoch auch teils heftige Gewitter – mit Starkregen und Hagel – gebracht. In Neudorf bei Landsee (Bezirk Oberpullendorf) sind mit 71 Litern pro Quadratmeter am Mittwoch die meisten Regenmengen gefallen.,Vereinzelt Sturm- und Unwetter-Einsätze,Der Wetterumschwung hat am Mittwoch auch teils heftige Gewitter – mit Starkregen und Hagel – gebracht. In Neudorf bei Landsee (Bezirk Oberpullendorf) sind mit 71 Litern pro Quadratmeter am Mittwoch die meisten Regenmengen gefallen.,"Occasional storm and severe weather operations. The change in the weather on Wednesday also brought severe thunderstorms - with heavy rain and hail. In Neudorf near Landsee (Oberpullendorf district), the most rainfall fell on Wednesday with 71 liters per square meter.",Tempestas opportuna et graves tempestatibus attulit. Haec mutatio tempestatis die Mercurii etiam graves tonitrua intulit cum pluvia et grandine. In Neudorf prope Landsee ( territorium Oberpullendorf ) pluviae maximae die Mercurii cum 71 quadratis metri litris ceciderunt.,https://burgenland.orf.at/stories/3360881/,https://ibs.orf.at/bgl?image=https%3A%2F%2Foekastatic.orf.at%2Fmims%2F2026%2F27%2F07%2Fcrops%2Fw%3D1200%2Ch%3D627%2Cq%3D75%2F3096748_master_1199307_landsee.jpg%3Fs%3D2ccce21012930aa274fe559be133a9eda4e4813e,,"Vor allem die Bezirke Oberwart und Oberpullendorf waren Mittwochnachmittag die Hotspots und dabei vor allem die Gemeinde Neudorf bei Landsee, wo innerhalb kürzester Zeit enorme Regenmengen vom Himmel… [+446 chars]",,2026-07-28 03:27:36+00:00,wmo,Switzerland,WCE,Europe
91f622ab037b11453caed334735d76c7,2026-07-16T15:43:24Z,Heat Wave,Hitzewelle Deutschland,www.welt.de,de,0.8,Wenn Chlor nicht mehr reicht – Deutschlands Freibädern droht der Hitzekollaps. Die Hitzewelle stellt Freibäder zunehmend vor Probleme. In vielen Städten werden Becken aufgrund von Algen und Keimen gesperrt. Auf die Betreiber kommen hohe Investitionen in Filtertechnik und Entkeimungsmethoden zu – oder mehr Schließtage.,Wenn Chlor nicht mehr reicht – Deutschlands Freibädern droht der Hitzekollaps,Die Hitzewelle stellt Freibäder zunehmend vor Probleme. In vielen Städten werden Becken aufgrund von Algen und Keimen gesperrt. Auf die Betreiber kommen hohe Investitionen in Filtertechnik und Entkeimungsmethoden zu – oder mehr Schließtage.,"If chlorine is no longer enough - Germany's outdoor swimming pools are threatened with heat collapse. The heat wave is increasingly causing problems for outdoor pools. In many cities, pools are closed due to algae and germs. The operators face high investments in filter technology and sterilization methods - or more closing days.","Si chlorinum satis non est - Germania lacus velit lacus ruina calori imminet. Fluctus aestus magis magisque causat lacus lacus velit. In multis urbibus, paludes ob algis et seminibus clausae sunt. Opifices altas collocationes in technologiarum technologiarum et sterilitate modos sparguntur - vel plures dies claudendi.",https://www.welt.de/wirtschaft/article6a58960edc7c0a2fc7a387aa/wenn-chlor-nicht-mehr-reicht-deutschlands-freibaedern-droht-der-hitzekollaps.html,https://images.welt.de/6a58960edc7c0a2fc7a387aa/01786320839ce4fae60002e83925839d-master/ci16x9-w1200/gettyimages-2258439319-jpg,,Die Hitzewelle stellt Freibäder zunehmend vor Probleme. In vielen Städten werden Becken aufgrund von Algen und Keimen gesperrt. Auf die Betreiber kommen hohe Investitionen in Filtertechnik und Entkei… [+5207 chars],,2026-07-31 08:05:46+00:00,wmo,Germany,WCE,Europe
322a8f45de4119c1dc8794c4ab554807,2026-07-07T03:05:00Z,Storm,Sturmflut Schweiz,wien.orf.at,de,0.3,Taborstraße soll grüner werden. Bis Ende Juli können im Rahmen einer Bürgerbeteiligung online Vorschläge für die Umgestaltung der Taborstraße eingebracht werden. Auch  wegen der Hitzewelle im Juni ist die Forderung nach mehr Grün ein zentrales Thema.,Taborstraße soll grüner werden,Bis Ende Juli können im Rahmen einer Bürgerbeteiligung online Vorschläge für die Umgestaltung der Taborstraße eingebracht werden. Auch  wegen der Hitzewelle im Juni ist die Forderung nach mehr Grün ein zentrales Thema.,"Taborstrasse should be greener. Until the end of July, suggestions for the redesign of Taborstrasse can be submitted online as part of citizen participation. The demand for more greenery is also a central issue because of the heat wave in June.","Taborstrasse viridius esse debet. Usque ad finem mensis Iulii, suggestiones pro redesigno Taborstrasse subici possunt online pro parte civium participationis. Postulatio plus viriditatis est etiam exitus centralis propter aestus fluctuantis mense Iunio.",https://wien.orf.at/stories/3361461/,https://ibs.orf.at/wie?image=https%3A%2F%2Foekastatic.orf.at%2Fmims%2F2026%2F28%2F56%2Fcrops%2Fw%3D1200%2Ch%3D627%2Cq%3D75%2F3103400_master_1201956_tab.jpg%3Fs%3Dc5ca7d4ed1792823c92b1bc5b9c14fbec3c080da,,"Die Bürgerbeteiligung für die Umgestaltung der Taborstraße läuft seit Mitte April, die Termie vor Ort sind bereits vorbei, die Online-Befragung läuft noch bis Ende Juli. Laut Alexander Nikolai (SPÖ),… [+1947 chars]",,2026-07-31 16:51:30+00:00,wmo,Switzerland,WCE,Europe
bfe9579b6e3029041d0a99e2034f2c67,2026-07-28T13:11:00Z,Heat Wave,Hitzewelle Sarganserland,www.dw.com,de,0.3,"Infrastruktur: Auf dem Weg zu hitzefesten Straßen – aber nur im Schritttempo. Aufgeplatzter Asphalt, gesperrte Autobahnen: Hitze beschädigt zunehmend deutsche Straßen. Dabei gibt es technische Lösungen für zukunftsfähige Infrastruktur, doch die Politik hinkt hinterher.",Infrastruktur: Auf dem Weg zu hitzefesten Straßen – aber nur im Schritttempo,"Aufgeplatzter Asphalt, gesperrte Autobahnen: Hitze beschädigt zunehmend deutsche Straßen. Dabei gibt es technische Lösungen für zukunftsfähige Infrastruktur, doch die Politik hinkt hinterher.","Infrastructure: On the way to heat-resistant roads – but only at walking pace. Cracked asphalt, closed highways: heat is increasingly damaging German roads. There are technical solutions for sustainable infrastructure, but politics is lagging behind.","Infrastructure: In via ad viae calefactionis repugnans - sed tantum in gradu ambulando. Bitumen finditur, viis clausis: calor Germaniae viae magis magisque damnosa est. Solutiones technicae sunt pro infrastructura sustinebili, at politica pigri est.",https://www.dw.com/de/warum-baut-deutschland-noch-f%C3%BCr-das-klima-von-gestern-hitzefeste-autobahnen-asphalt-infrastruktur/a-78080205,https://static.dw.com/image/77169551_6.jpg,,"Tagelange Hitzewellen mit Temperaturen teils über 40 Grad Celsius in Europa: Die Folgen zeigen sich immer öfter auch auf Deutschlands Autobahnen: Betonplatten platzen auf, Asphalt verformte sich, Fah… [+7482 chars]",,2026-07-31 21:17:20+00:00,wmo,Switzerland,WCE,Europe
60d5ed6c5198eb45271270bdde9af413,2026-07-08T13:11:33Z,Heat Wave,Hitzewelle Genf,wien.orf.at,de,0.3,"Nordwestbahnhof: Grüne Mitte soll kühlen. Weniger Hitzetage und Tropennächte: Die Entwicklung des Nordwestbahnhof-Areals kann das Mikroklima im Umfeld spürbar verbessern. Das zeigt eine Studie im Auftrag der ÖBB zeigt. Begrünung, Entsiegelung und Freiräume sollen abkühlen helfen.",Nordwestbahnhof: Grüne Mitte soll kühlen,"Weniger Hitzetage und Tropennächte: Die Entwicklung des Nordwestbahnhof-Areals kann das Mikroklima im Umfeld spürbar verbessern. Das zeigt eine Studie im Auftrag der ÖBB zeigt. Begrünung, Entsiegelung und Freiräume sollen abkühlen helfen.","Nordwestbahnhof: Green Center should cool. Fewer hot days and tropical nights: The development of the Nordwestbahnhof area can noticeably improve the microclimate in the area. This is shown by a study commissioned by ÖBB. Greening, unsealing and open spaces should help cool down.","Nordwestbahnhof: Viridis Centre refrigerari debet. Pauciores dies calidi et noctes tropicae: Progressio area Nordwestbahnhof microclimate in area notabiliter emendare potest. Hoc patet per studium commissum BB. Virentia, aperienda et aperta spatia refrigerandi gratia iuvare debent.",https://wien.orf.at/stories/3361772/,https://ibs.orf.at/wie?image=https%3A%2F%2Foekastatic.orf.at%2Fmims%2F2026%2F28%2F90%2Fcrops%2Fw%3D1200%2Ch%3D627%2Cq%3D75%2F3106247_master_1203090_nordwestbahnhof-panorama.095db33c07.1780019731.jpg%3Fs%3D5d33fd0379d0f43a1900b02ab7f6e1f2d7c8749c,,Wien erlebte zuletzt eine Hitzewelle mit Temperaturen bis zu 40 Grad. Eine aktuelle Studie des Austrian Institute of Technology im Auftrag der ÖBB untersucht die Auswirkungen der geplanten Entwicklun… [+1770 chars],,2026-08-02 07:38:38+00:00,wmo,Switzerland,WCE,Europe
1cb95900cbb7a3fa12398f0c0dff4ee5,2026-07-23T10:27:26Z,Heat Wave,Hitzewelle Österreich,burgenland.orf.at,de,0.2,"Einbrüche im Bezirk Eisenstadt häufen sich. Im Bezirk Eisenstadt-Umgebung hat es in den vergangenen Wochen immer wieder Einbrüche und Einschleichdiebstähle gegeben. Vor allem, wenn es jetzt wieder heißer wird, mahnt die Polizei zur Vorsicht.",Einbrüche im Bezirk Eisenstadt häufen sich,"Im Bezirk Eisenstadt-Umgebung hat es in den vergangenen Wochen immer wieder Einbrüche und Einschleichdiebstähle gegeben. Vor allem, wenn es jetzt wieder heißer wird, mahnt die Polizei zur Vorsicht.","Burglaries in the Eisenstadt district are increasing. There have been repeated burglaries and thefts in the Eisenstadt area in the past few weeks. The police are urging caution, especially when it gets hotter again.","Burgaria in Eisenstadt regione augentur. Repetita burgaria et furta in regione Eisenstadt in praeteritis aliquot septimanis. Vigiles cautio suadent, praesertim cum iterum incalescit.",https://burgenland.orf.at/stories/3363932/,https://ibs.orf.at/bgl?image=https%3A%2F%2Foekastatic.orf.at%2Fmims%2F2019%2F18%2F61%2Fcrops%2Fw%3D1200%2Ch%3D627%2Cq%3D75%2F141738_master_33061_polizei_sry.jpg%3Fs%3Dbf5605264f486734fdb8baaa9598eb81d45d8d90,,"Von Juni bis Juli gab es im Bezirk Eisenstadt-Umgebung laut Polizeiangaben insgesamt acht Einbrüche, beziehungsweise Einschleichdiebstähle oder Versuche. Der Unterschied ist, dass sich die Kriminelle… [+1885 chars]",,2026-08-05 16:49:44+00:00,wmo,Austria,WCE,Europe
