,phrase,label,sentiment,subjectivity,language,count
Germany,,,,,,
Austria,,,,,,
Italy,,,,,,
Switzerland,,,,,,
Europe,,,,,,
France,,,,,,
Alps,,,,,,
US,,,,,,
Baden-Württemberg,,,,,,
USA,,,,,,
Vienna,,,,,,
Saxony,,,,,,
Berlin,,,,,,
Bavaria,,,,,,
Iceland,,,,,,
Canada,,,,,,
Upper Austria,,,,,,
Norway,,,,,,
the Baltic Sea,,,,,,
Finland,,,,,,
Denmark,,,,,,
Argentina,,,,,,
Hamburg,,,,,,
the Czech Republic,,,,,,
East Coast,,,,,,
North Rhine-Westphalia,,,,,,
Paris,,,,,,
Milan,,,,,,
Western Europe,,,,,,
Spain,,,,,,
Tyrol,,,,,,
Lower Austria,,,,,,
Ukraine,,,,,,
Zurich,,,,,,
New York,,,,,,
Chernobyl,,,,,,
Japan,,,,,,
Carinthia,,,,,,
Offenbach,,,,,,
Rome,,,,,,
Russia,,,,,,
Africa,,,,,,
Hesse,,,,,,
Mediterranean,,,,,,
earth,,,,,,
Linz,,,,,,
China,,,,,,
Great Britain,,,,,,
Salzburg,,,,,,
Bundesliga,,,,,,
Bremen,,,,,,
Slovakia,,,,,,
Brandenburg,,,,,,
Karlsruhe,,,,,,
Arctic,,,,,,
England,,,,,,
Styria,,,,,,
Saarland,,,,,,
Lower Saxony,,,,,,
Frankfurt,,,,,,
Baden,,,,,,
Rhine,,,,,,
Munich,,,,,,
Bahn,,,,,,
Burgenland,,,,,,
the Stubai Glacier,,,,,,
Graz,,,,,,
Belgium,,,,,,
Turkey,,,,,,
Cologne,,,,,,
Easter,,,,,,
Stuttgart,,,,,,
Adriatic,,,,,,
Thuringia,,,,,,
Sweden,,,,,,
Lesachtal,,,,,,
Beijing,,,,,,
Netherlands,,,,,,
Alpine,,,,,,
Potsdam,,,,,,
Rhineland,,,,,,
Baltic Sea,,,,,,
Central Europe,,,,,,
Sturm Graz,,,,,,
Kaub,,,,,,
Cortina,,,,,,
Regensburg,,,,,,
Ticino,,,,,,
Garmisch,,,,,,
Sahara,,,,,,
Mexico,,,,,,
Fukushima,,,,,,
Friesland,,,,,,
Wilhelmshaven,,,,,,
New York's,,,,,,
Helgoland,,,,,,
Danube,,,,,,
Florence,,,,,,
Turin,,,,,,
Beznau,,,,,,
Rastatt,,,,,,
the Ice Saints,,,,,,
Lobau,,,,,,
Petacciato,,,,,,
the Lower Lobau,,,,,,
Klagenfurt,,,,,,
Bohemian Switzerland,,,,,,
Paraguay,,,,,,
Greece,,,,,,
Molise,,,,,,
Jordan,,,,,,
canton,,,,,,
the North Atlantic,,,,,,
Bulgaria,,,,,,
Algeria,,,,,,
Northeast,,,,,,
Rwanda,,,,,,
Iran,,,,,,
the Elbe valley,,,,,,
Eifel,,,,,,
Franconia,,,,,,
Kiel,,,,,,
Valais,,,,,,
Montenegro,,,,,,
Flensburg,,,,,,
Colombia,,,,,,
Taborstrasse,,,,,,
Saurüsselkopf,,,,,,
Riedlingen,,,,,,
Davos,,,,,,
United States,,,,,,
Innsbruck,,,,,,
Madrid,,,,,,
Northern Bavaria,,,,,,
Sturm,,,,,,
Hanau,,,,,,
Splügen,,,,,,
Toronto,,,,,,
Hesse +++,,,,,,
Austria Salzburg,,,,,,
Namibia,,,,,,
Antarctica,,,,,,
Saxony-Anhalt,,,,,,
Garching,,,,,,
Bergamo,,,,,,
Salzachsee,,,,,,
Erzgebirge,,,,,,
Zermatt,,,,,,
Mallorca,,,,,,
TICKER - Switzerland,,,,,,
the Arctic Circle,,,,,,
Bad Bleiberg,,,,,,
Lucca,,,,,,
Jüterbog,,,,,,
Basel,,,,,,
Hermagor,,,,,,
Tuscany,,,,,,
Pisa,,,,,,
Bundestag,,,,,,
Bruchsal,,,,,,
French Atlantic,,,,,,
Oberpullendorf,,,,,,
St. Pölten,,,,,,
Tulln,,,,,,
the Melk district,,,,,,
Neuberg,,,,,,
Veneto,,,,,,
Morocco,,,,,,
Nordwestbahnhof,,,,,,
Hittisau,,,,,,
east,,,,,,
Kelkheim,,,,,,
Sicily,,,,,,
Neudorf,,,,,,
Eisenstadt,,,,,,
Austria Klagenfurt,,,,,,
Austria Vienna,,,,,,
Freiburg,,,,,,
North America,,,,,,
Lauterbach,,,,,,
Mödling,,,,,,
the Middle East,,,,,,
The Po Valley,,,,,,
Lake Maggiore,,,,,,
Green Zurich,,,,,,
Landsee,,,,,,
Passau,,,,,,
the Upper Austria,,,,,,
Po River,,,,,,
Mexico City,,,,,,
Ecuador,,,,,,
Brazil,,,,,,
the Iberian Peninsula,,,,,,
Andujar,,,,,,
Kansas City,,,,,,
Uzbekistan,,,,,,
Scotland,,,,,,
Lake Plesching,,,,,,
Hall,,,,,,
Bonn,,,,,,
Sardinia,,,,,,
Rosenheim,,,,,,
Zug,,,,,,
Haaland,,,,,,
Philadelphia,,,,,,
Pohlheim +++,,,,,,
Hesse ++,,,,,,
New York City's,,,,,,
Pankow,,,,,,
Kreuzberg,,,,,,
Northern Europe,,,,,,
Middle East,,,,,,
Poland,,,,,,
East River,,,,,,
west dusty,,,,,,
Murau,,,,,,
the Elbe Valley,,,,,,
Wismar,,,,,,
Lviv,,,,,,
East Frost,,,,,,
Sheffield,,,,,,
Miami,,,,,,
South Tyrol's,,,,,,
Greenland,,,,,,
Australia,,,,,,
America,,,,,,
Crans-Montana,,,,,,
Niscemi,,,,,,
Bavaria +,,,,,,
Southern Italy,,,,,,
the Central African Republic,,,,,,
North Korea,,,,,,
Montana,,,,,,
U3,,,,,,
Azerbaijan,,,,,,
Sarajevo,,,,,,
Bosnia,,,,,,
West,,,,,,
Dessau,,,,,,
Elbphilharmonie,,,,,,
Hanover,,,,,,
Krakow,,,,,,
Hungary,,,,,,
the Harz Mountains,,,,,,
the Upper Palatinate,,,,,,
Upper Palatinate,,,,,,
Stubaital,,,,,,
Stuben,,,,,,
London,,,,,,
Trento,,,,,,
LUCERNE,,,,,,
GÜNZBURG,,,,,,
Moscow,,,,,,
Weißensee,,,,,,
Siberia,,,,,,
Kyiv,,,,,,
South Tyrol,,,,,,
Dakar,,,,,,
Riyadh,,,,,,
Freistadt,,,,,,
Waldviertel,,,,,,
Gmünd,,,,,,
Bengal,,,,,,
Bundeswehr,,,,,,
Zittau,,,,,,
Portugal,,,,,,
Sauerland,,,,,,
Superbrain,,,,,,
Andalusia,,,,,,
Schleswig,,,,,,
VfB Stuttgart,,,,,,
Ghana,,,,,,
Macki,,,,,,
Lugano,,,,,,
the North Sea,,,,,,
Prague,,,,,,
Northern Ireland,,,,,,
COMMENT - Switzerland,,,,,,
RTL+,,,,,,
lrs,,,,,,
Bansko,,,,,,
the Faroe Islands,,,,,,
Berlin - Storms,,,,,,
Feldkirch,,,,,,
Valley,,,,,,
Earth,,,,,,
Red Bull Salzburg,,,,,,
the Ore Mountains,,,,,,
Mannheim,,,,,,
Koqoon,,,,,,
Günster,,,,,,
Atlantic,,,,,,
Breki,,,,,,
the People's Republic,,,,,,
Upper Bavaria,,,,,,
Eastern Europe's,,,,,,
Fiala,,,,,,
Puglia,,,,,,
Melendugno,,,,,,
Los Angeles,,,,,,
Vorarlberg,,,,,,
Fellbach,,,,,,
Gaißau,,,,,,
the GdP union,,,,,,
Stuttgart +++,,,,,,
Tuttlingen,,,,,,
Silvretta Montafon,,,,,,
east coast,,,,,,
Long Island,,,,,,
New ZDFneo,,,,,,
the Federal Republic,,,,,,
Oberwart,,,,,,
the Danube Valley,,,,,,
the Isar Valley,,,,,,
Barcelona,,,,,,
East sunny,,,,,,
Rhineland-Palatinate,,,,,,
