day,sentiment_mean,sentiment_std,subjectivity_mean,subjectivity_std,counting
2025-11-17,0.49817189106241433,1.0,-1.037672169138763,1.0,1.0
2025-11-19,0.9815168613174694,1.0,0.1627315323896734,1.0,1.0
2025-11-21,-0.1177746533123406,0.021478577744462893,-1.404092244839164,0.22243018294969868,2.0
2025-11-23,-0.8276255071287624,0.5665895938731905,0.29996683075244274,1.470478650916183,3.0
2025-11-24,-0.020073303547731042,0.8748528604572201,-0.22507447088126276,0.5948543175361746,12.0
2025-11-26,-0.4496559655520152,1.0,0.20932581224031005,1.0,1.0
2025-11-27,-0.006918522046074527,1.4806364593438373,-0.040932719667202265,1.4171222903612561,5.0
2025-11-28,-0.05537346653134569,1.0,0.1821648096427032,1.0,1.0
2025-11-30,0.5723142492012026,0.023308195916014417,0.0030214328501580352,0.07956897170341783,2.0
2025-12-03,0.6871554844304181,1.0,-0.2008168012876083,1.0,1.0
2025-12-04,1.4004239380800363,1.0,-0.04397137601807276,1.0,1.0
2025-12-07,0.18546031660092505,1.0,-1.3889635687501467,1.0,1.0
2025-12-08,0.2901360544217687,1.0,0.4792517006802721,1.0,1.0
2025-12-09,-0.9247864548181456,1.0,-1.3063404151060292,1.0,1.0
2025-12-10,-0.027236944279273145,0.7125965103387747,-0.17288755965377986,1.4287437748702387,5.0
2025-12-11,0.13000716225934236,1.0,-0.8541938697882248,1.0,1.0
2025-12-12,0.6755037735178829,1.2567196845349482,-0.2820968815017411,0.7854439147006687,3.0
2025-12-14,-0.020776881681735672,1.0,-1.679691631655324,1.0,1.0
2025-12-16,,1.0,,1.0,1.0
2025-12-17,0.7546586670777171,1.0,-0.6766265782455754,1.0,1.0
2025-12-18,-0.307028036433451,0.207227666010525,0.32275792753654187,1.2682608527590855,4.0
2025-12-19,0.8373564394834516,1.626625735663641,0.45016959193612655,0.45853513953508973,3.0
2025-12-20,-1.836555227240181,0.5857033891708152,1.5010703566605839,0.5858078636237972,3.0
2025-12-22,-1.1501063202121242,0.617002406109195,0.04451251468484008,0.7556521866948246,3.0
2025-12-23,0.6285990002741517,1.0,-0.2698130740837794,1.0,1.0
2025-12-24,-0.1610571671384692,0.05809392495748393,-0.5291523661378444,0.9713712563628009,2.0
2025-12-25,-0.4563338431552976,1.0,-1.352753009264632,1.0,1.0
2025-12-26,0.4310419490915842,1.0,0.26525837816271236,1.0,1.0
2025-12-27,-0.12170104316224592,0.17278284582821668,0.17706797435438723,0.7644742327984345,2.0
2025-12-30,0.08576414074219112,1.0684107227579993,-0.0744543894592001,1.1653721763770317,5.0
2025-12-31,0.710136845688919,0.5782528142835915,0.16464641940140143,0.8551138957093524,2.0
2026-01-02,0.036494304805970955,0.6545509769410497,-0.16980153621314645,1.0133934682049146,8.0
2026-01-03,-0.9310603737243444,1.0,-0.4417677161813407,1.0,1.0
2026-01-05,-0.033051753006358285,1.254601756567878,-0.11825158245168689,0.8013885680800485,7.0
2026-01-06,-0.5783560304269237,1.395147579060943,0.23127974836930276,1.6081248781762871,4.0
2026-01-07,-0.006147600881706794,0.42339883842228265,-0.4891572312835677,1.3718004089773703,2.0
2026-01-08,-0.16813997318711607,0.7253623010781026,0.11481587895630181,0.9235515268024492,12.0
2026-01-09,-0.3823538167451339,0.9923837125512247,0.1186661554400757,0.49546939258671996,11.0
2026-01-10,-1.0132962216955075,1.1065766483935329,0.5247207591249421,1.567642144971211,9.0
2026-01-11,0.4174694785840279,1.7433471866051744,0.2673339481747203,1.2841837794553346,3.0
2026-01-12,-0.9486144744522006,0.9241481260243007,0.5081103975777046,1.0181868266825536,10.0
2026-01-13,0.015258335521584879,1.1354803393348043,-0.10730096816338426,1.1034137685397718,6.0
2026-01-14,-0.48772088056214075,0.24898768247711048,-1.0296158432455285,0.1414633858261143,2.0
2026-01-16,1.6115555053891444,1.0,0.478870686668436,1.0,1.0
2026-01-17,0.3136864892734069,0.6316567772262187,-0.8893511174233703,0.3408206618134909,2.0
2026-01-18,-0.2741856330477102,1.0,-0.18887241220128356,1.0,1.0
2026-01-20,0.2523955230296566,1.0781407407141212,0.43710027416375014,0.7637894628642048,3.0
2026-01-21,-0.13666286824365242,0.7946739261983574,-0.6082624562643542,1.1419549524852768,5.0
2026-01-22,-0.7274176321798177,0.5702934588040433,0.8900150151092104,1.0501096549367297,3.0
2026-01-23,-0.4334843289421679,1.203450972192132,0.3110837982126276,0.5355849448700966,3.0
2026-01-24,-0.2275259039844748,0.424290162925127,0.45356031914483325,1.2435332888934612,6.0
2026-01-25,-0.5666014197696353,0.3257137230986803,0.10401234476424095,1.1131347240292102,4.0
2026-01-26,-0.5022709618536375,0.8823654310950693,-0.0886112613756236,0.6712696009452522,7.0
2026-01-27,-0.08574522404278578,1.43413150869367,0.1791089421940229,0.9302202370916467,9.0
2026-01-28,0.0853515889689523,0.6434375810711898,0.9500524795783036,1.0383679588479258,7.0
2026-01-29,0.8737970092569839,1.052974045283964,1.9871152129241278,0.8944432624574199,2.0
2026-01-30,0.3563774919984764,0.8250454861631179,-0.07163151587808866,0.5964228660178694,7.0
2026-01-31,0.2147419730506511,0.4762323254629917,-0.3501678745902538,1.3849979590649273,4.0
2026-02-01,-0.15619833398991403,0.5996010769993861,-1.0222912036289393,1.3957330833207842,7.0
2026-02-02,-0.029434229445632325,0.6709406334091923,-0.49290183689442246,1.0663486937875561,3.0
2026-02-03,-0.878195624448319,0.593764540817283,0.24242178382412666,0.5626206029842549,10.0
2026-02-04,-0.05772776163853264,0.9075059590233259,-0.5006293774749755,0.9126399801639116,5.0
2026-02-05,1.0462707595815437,0.8818398322854321,-0.07164538887851757,0.7274915998161856,2.0
2026-02-06,0.035555976334952534,1.714723100552309,0.36047898521150623,0.52823818649589,5.0
2026-02-07,-0.5506038334017805,0.6370221303638807,-0.36515888572826316,1.7139801258164602,2.0
2026-02-08,0.16663307249751413,0.41105747511271434,-0.3464365957719226,0.3963391823066388,2.0
2026-02-09,-0.22625734757904778,0.8432766843188424,-0.4560465030276482,0.7784489806599312,6.0
2026-02-10,-0.4563338431552976,1.0,-2.126296245241346,1.0,1.0
2026-02-11,1.1156366627995937,0.23562589894381528,-0.00042471445986758116,1.6936899482137309,2.0
2026-02-12,0.5368205654670968,1.2555132974214154,-0.09681182877171843,1.1837970612652704,8.0
2026-02-13,-0.49293279358266834,0.8824786156382967,-0.24002408471872322,1.2098774134644432,5.0
2026-02-14,-1.236133835183684,0.7798175536477264,0.4690665929757826,1.0453214686634067,3.0
2026-02-15,0.32723891930876564,1.2442681517369532,0.10798170315070965,0.9826302982637812,7.0
2026-02-16,0.01702229125401855,1.1829915586586521,0.014284599272705065,0.9564028121081831,9.0
2026-02-17,-0.23443650660367288,1.0268035248892957,0.404674485204651,0.7789104358693059,8.0
2026-02-18,-0.5332699422074068,1.0389085259942394,-0.4411160281769674,0.929826417793362,5.0
2026-02-19,-0.37068350463497624,1.2631967609504289,-0.24220906893752361,1.0811737728267587,4.0
2026-02-20,-0.16833228685980628,0.8930686532680491,-0.025982392597006253,1.0986161711631155,11.0
2026-02-21,-0.31557665037352917,1.6464825619619963,-0.40221212877996987,1.5524641444249363,6.0
2026-02-22,-0.3597754081220825,1.232226610047414,-0.38818372939561646,1.2499452488408587,5.0
2026-02-23,-0.7535774565273532,1.7424897019452874,0.6442209832164066,1.1028602963549254,5.0
2026-02-24,-0.7808257336004994,0.8176580043491212,-0.545008643513313,1.010351948294437,7.0
2026-02-25,0.5171182653868983,1.0357685918316077,0.08957073604431019,0.5687311751656103,7.0
2026-02-26,0.7171700180672027,0.796476615346277,0.17323268346272486,1.007544752756053,4.0
2026-02-27,0.9497878246734252,0.8366785835364676,0.05885229126849634,1.596560259669113,4.0
2026-02-28,0.05604170019452314,0.2263286613031422,-0.9797472474641099,0.31833279966253364,3.0
2026-03-01,0.1507462940133382,0.06570478859077514,0.14001710655086885,0.3495947384848312,3.0
2026-03-02,0.024604830265155253,1.0221084538641094,-0.38197868759610304,0.5137531104231609,3.0
2026-03-03,0.6276613369043904,1.0,0.881448987423606,1.0,1.0
2026-03-04,-0.746317265540926,0.538372641797967,0.33173234979130667,1.0281252930877292,3.0
2026-03-05,1.2797156328005108,1.7212468642659517,-0.18493839928345152,0.8321694183592873,4.0
2026-03-06,0.7234162673987239,0.9961093664298541,0.4888586539424227,1.1814745019636848,5.0
2026-03-07,-0.11626366786646154,0.684423775946362,-0.40408028685136443,0.7269271818974083,5.0
2026-03-08,0.12355047129873965,1.0,-0.29971806083143515,1.0,1.0
2026-03-09,-0.2477440363742231,0.7057951391010747,-0.12242107628698977,0.4278194627777525,4.0
2026-03-10,0.2931255628442882,0.9134531809184574,0.26641688339419917,0.40028162712983933,7.0
2026-03-11,-0.34771460851055014,1.6659629711830457,0.5791468439654434,1.0426322714928355,2.0
2026-03-12,-0.04142911497045373,1.0,-0.14408473974398062,1.0,1.0
2026-03-13,1.0631641833036838,1.7159173519814461,-0.11228873274917579,0.8294130620187391,3.0
2026-03-14,1.2910983125884157,1.0,1.3390545825003268,1.0,1.0
2026-03-15,0.02591396023611529,0.9851988805181608,-0.9184368650639932,0.8237757628151791,3.0
2026-03-16,0.0,1.0,0.4,1.0,1.0
2026-03-17,0.4254769193710687,0.9596853232506682,-1.1723374485764546,1.2253533906242953,2.0
2026-03-18,-0.09089648956235781,0.5597767293908774,0.11752728247231473,1.1346975388837557,5.0
2026-03-19,0.3029448610316076,1.0,-0.14550894781211976,1.0,1.0
2026-03-20,0.2602775093182598,0.4031520422196411,-0.9070710879282112,1.3835839972159665,2.0
2026-03-22,1.2696032471847136,1.0,-0.3848390116946548,1.0,1.0
2026-03-23,-0.7440565425813949,1.0,1.5416806058459016,1.0,1.0
2026-03-24,0.25411453561914343,1.8328407785571623,0.7466610211615692,0.2888292231345053,2.0
2026-03-25,-0.052531413387536835,0.6138849537882434,-0.07545572890601747,0.29740855770044544,3.0
2026-03-26,0.21137269002822417,0.9313840074881772,0.45319521865032286,0.827554818626243,4.0
2026-03-27,0.3582997136957252,0.5085697484959886,-0.08844594869043128,0.5101071696313217,5.0
2026-03-29,0.5210822740027897,0.6542827981385076,0.48108881626769096,1.051944567906097,2.0
2026-03-30,0.9221033681315397,0.8227793547720671,-0.34360452738815317,1.2490730519929683,3.0
2026-04-01,0.005095744746564601,0.7206140766720813,0.7059013787965072,1.487226433703054,2.0
2026-04-02,-0.18351447030632206,0.30803946695188833,-1.1168322633499403,0.5866742029494524,6.0
2026-04-03,0.9049480629333022,1.9621853333255874,-0.5055969631304845,1.1438103844796912,4.0
2026-04-04,-0.8649707415010948,1.0,0.6428916102566142,1.0,1.0
2026-04-05,-0.05124896503224825,1.3070066905654696,-0.28129630605775785,0.9329878900762721,5.0
2026-04-06,-0.950326764025584,1.468328333641363,-0.05314357787122118,2.0674915037955874,3.0
2026-04-07,0.02389214594203194,0.9811072065067401,-0.7281079503401043,0.8797127059964329,5.0
2026-04-08,0.0014464326738889237,1.0050412922758563,0.1396704864126095,1.4122295800347462,6.0
2026-04-09,-0.3371740317270478,0.5247222981827819,0.043782715539167905,1.4555283472905851,4.0
2026-04-10,-0.0055996698698242186,0.7885160840335856,0.27884868889525866,1.1869902137645725,7.0
2026-04-11,0.1557227524582303,1.0,0.47103557188218437,1.0,1.0
2026-04-12,0.0952678369797314,0.7299870142390084,-0.6023020908518338,1.298337994225941,3.0
2026-04-13,0.05250752505017675,0.792647753351182,-0.5959880816810352,0.4973597038413719,4.0
2026-04-14,-0.4269740770166601,0.8650254269151609,0.5035311138271414,0.8430730510519812,5.0
2026-04-15,-1.161064233304867,1.1589457308996203,-0.3147164168816281,1.7969295407873467,5.0
2026-04-16,0.40372235957804786,1.0275494792586133,0.4489351117345203,0.9031248637018584,14.0
2026-04-17,-0.25551618176396074,0.6950935247633729,0.0329219550449117,0.6428392149961936,5.0
2026-04-18,1.1406924943713421,0.4755892515806159,0.7872558970095738,0.46150174169576436,4.0
2026-04-19,0.02975811998472827,1.0420843368731287,0.638868712553556,0.09650320213092412,2.0
2026-04-20,0.09892753637946894,0.776247312517401,0.6179000827562833,0.8346669262110953,5.0
2026-04-21,-0.06560344495048552,0.6882682455018206,-0.11672779713201278,0.9263987212966329,7.0
2026-04-22,0.10623883683405713,1.3757572370249846,-0.2929818165462127,0.7974480719297353,5.0
2026-04-23,0.6187497204397732,0.48851991700492864,-0.5911771662520547,0.6999924464398987,4.0
2026-04-24,1.0421380565616236,0.3766314328737802,0.41650795972702165,0.5799775051723942,2.0
2026-04-25,0.5176965573048632,0.6998369756769333,-0.2902729978320404,1.447125393114204,7.0
2026-04-26,0.9893782043360708,1.5385289638563768,0.8857635420279253,1.176533933872244,10.0
2026-04-27,-0.3719344472752061,0.852896935092047,-0.5649661020280471,0.8749489498488933,5.0
2026-04-28,-0.45323419230186063,1.0,0.6797298930930382,1.0,1.0
2026-04-29,-0.2032772460440473,1.7852622777944076,0.19232172312825008,0.8604990593869891,11.0
2026-04-30,0.7004730519148242,0.9447900742697266,-0.2283948202811239,0.8952221964115448,12.0
2026-05-01,0.6446572128611779,0.4729549932594564,0.31158443648173806,0.836711138114845,6.0
2026-05-02,0.1024309959826859,0.289939237999737,-0.3736970883828379,0.8971486731251408,2.0
2026-05-03,0.39942288865745124,0.6930977419896128,0.16114489311485763,0.2723890858964122,4.0
2026-05-04,-0.06666633087959174,1.0011252361253207,0.07187755178577823,1.2825906070545057,13.0
2026-05-05,-0.07879362407935535,0.8663951637255063,0.4699561263574853,0.9773665830916537,5.0
2026-05-06,-0.5029919662674087,0.7099972645058747,0.3954636461170176,0.29035839898422794,4.0
2026-05-07,0.7071067811865476,1.0,-0.7071067811865472,1.0,1.0
2026-05-08,-0.07603555955973573,1.0018272194763964,-0.4290631309093822,0.9724769355120139,5.0
2026-05-09,0.04371587564613498,1.0,-0.1073472659053172,1.0,1.0
2026-05-10,-0.4502714660123581,0.7114515507286048,0.01893555778078207,0.4877285468339559,2.0
2026-05-11,-0.04984391449425628,0.4704907826914959,-0.5055957425005764,0.7652695823814709,7.0
2026-05-12,-1.0568013718014926,1.0,-1.1849772419736349,1.0,1.0
2026-05-13,-0.13319107234154665,1.1005845205321771,-1.0740573369012607,1.5920742987974381,5.0
2026-05-14,0.15105797389043843,1.6367395268276228,-0.2775431371994142,1.376870785301585,3.0
2026-05-15,-0.10790431051957959,0.845321004118789,-0.3548789970031504,1.0251024289291537,9.0
2026-05-17,-0.9119606061049386,1.0,-0.4105827606741509,1.0,1.0
2026-05-18,0.8780937395469001,1.093792647305784,0.4856479488938152,2.080192433137379,3.0
2026-05-23,0.9141239655195679,1.7602489912987507,0.02006293375137247,1.545777986609329,2.0
2026-05-26,0.0288674012703809,1.2830699834058283,0.14238464667633915,0.6915918314452629,8.0
2026-05-27,0.300744011796744,0.790871230555988,-0.20890041663305228,0.7540484348258092,6.0
2026-05-28,0.29036392697918956,1.1747148039891135,0.2152160051286883,1.3523633541913105,5.0
2026-05-29,0.4276085371954429,0.22926240279246005,-0.29716863671845256,0.7196255684300928,5.0
2026-05-30,-0.04358398259412966,0.0604538203283187,-0.08075761710759152,0.8465592823252035,4.0
2026-05-31,-0.08924077603042321,1.0252251358971758,0.07002921325984393,0.6552652361144994,17.0
2026-06-01,0.052134515768526984,0.7958937231866469,-0.05841287125916107,0.3118907481414682,4.0
2026-06-02,0.2828884695469044,0.7568438485063906,0.1754952896066631,0.602315169416869,5.0
2026-06-03,-0.4769128543381642,0.8810402615379535,-0.5107710388759334,0.5804074182045916,4.0
2026-06-04,-0.03470334284605458,0.9324420232834074,1.1258456571415898,0.9458155289747453,3.0
2026-06-05,0.9774285220196421,1.5239419504180012,0.027121377578305045,0.310059787502184,2.0
2026-06-07,0.4983219127611842,1.0,0.10372385161849226,1.0,1.0
2026-06-08,-0.9843965277607386,1.0,2.146480672723401,1.0,1.0
2026-06-10,-1.2310816283776123,1.2239881829847583,0.45218643129418945,0.7984701810844188,2.0
2026-06-13,0.4,1.0,0.575,1.0,1.0
2026-06-14,-0.36394183143414155,0.48530852607093405,-0.3266729320235782,0.5380147090720714,2.0
2026-06-15,0.3156133465618293,0.7203694140664544,-0.22740467855743332,0.6593258881774419,8.0
2026-06-16,-1.7090220062130654,1.0,0.9440691751170909,1.0,1.0
2026-06-17,-0.041033915725779774,0.9849932557150164,-0.09858861988439238,1.3615848826668195,15.0
2026-06-18,0.6370086241308897,0.7835445313636917,0.1768924074617702,1.0438067332688632,10.0
2026-06-19,0.08359823571226706,0.24273329908032135,0.8019987466052184,1.0296650422149032,6.0
2026-06-20,0.12982396796845894,0.9235523646715772,-0.49283812521184345,0.9023177287372115,3.0
2026-06-21,0.33465362367822427,0.3519327244439125,0.6852724999660377,0.02485180588080721,2.0
2026-06-22,-0.489011197246556,0.739106101395304,-0.36782837392506146,0.8062820211278721,11.0
2026-06-23,-0.2786876809048261,0.7638480822591933,0.2500045981404992,0.7315697448053559,11.0
2026-06-24,0.12765031818730743,0.5413284164468657,0.031141520563879154,0.6754792089646122,5.0
2026-06-25,-0.02485675489124948,0.8104380958629248,-0.5468982105220611,0.3789389530832945,5.0
2026-06-26,0.8036253619168199,0.5664088308989055,0.355836809483939,0.6881089595967659,17.0
2026-06-27,0.08470668134344764,0.8238248908177301,-0.18846592552914002,1.431411987568843,7.0
2026-06-28,0.14147075109329565,0.4705835276354517,-0.35535460962578647,0.7545803772807356,10.0
2026-06-29,0.00399568785953323,1.2844783802689301,0.21237894033451554,0.8776814049864341,12.0
2026-06-30,-0.04087926035636332,0.9310892288518331,-0.4144980245084595,0.5427596463444939,3.0
2026-07-01,-0.5231733416157416,1.1207495170944302,0.30928248965852495,1.1464813754874466,3.0
2026-07-02,-0.5178444773307529,0.8603136897338401,0.4220916710031158,0.9259861606676848,4.0
2026-07-05,0.5866979287553233,1.0,0.1510659840045958,1.0,1.0
2026-07-06,0.09868880368631672,1.0,0.8958282084973473,1.0,1.0
2026-07-07,0.10570375621818201,1.4265689799421721,0.37127629975840404,0.10615214707049014,2.0
2026-07-08,-0.09883378054613456,0.5838799582135162,0.31580161583212135,0.6864652388019111,3.0
2026-07-09,0.7718706670264378,1.0790310404302434,-0.0166784275568371,0.4798166068472113,2.0
2026-07-10,0.1720051739037923,1.0,-0.42779569225814457,1.0,1.0
2026-07-11,-0.7895722512659595,1.0,-0.846132204979657,1.0,1.0
2026-07-12,0.9727106652907251,1.0,-0.9540022696146437,1.0,1.0
2026-07-13,-0.11000311889872015,0.4927858618548878,-0.07020599472018371,0.8362798047938614,7.0
2026-07-14,0.061054618526560384,0.3844779534926248,-0.8485343152918615,2.092168782411978,3.0
2026-07-15,0.22024804569036674,0.8371552155303348,1.1646854220907703,1.2672485353869907,2.0
2026-07-16,-0.04352791284748327,0.8811808531389524,-0.5523015739996749,1.3208829271527738,5.0
2026-07-17,-0.42964346052776525,0.497613220678701,0.5516746233450843,0.5759104420089067,2.0
2026-07-18,-1.2673428775067686,0.7036212262212508,-0.521522904571289,0.12953222348575333,2.0
2026-07-19,-1.4115941294189378,0.17900353300288777,0.39381724894438047,0.04668909121553444,3.0
2026-07-21,0.0444487728749577,0.30010487050568524,-0.766521274307694,0.6575219639890622,2.0
2026-07-23,-0.7176470959570236,0.5436632743565644,-0.417968376137207,1.4002217115641697,3.0
2026-07-28,0.19430351762733447,0.6016344189768865,-0.3077005148583366,0.802249431591819,4.0
2026-07-29,-0.7071067811865476,1.0,-0.7071067811865475,1.0,1.0
2026-07-30,-0.11290240067016968,0.5574324405260018,-0.05048188752528225,0.7005675881548302,7.0
2026-07-31,-0.28290215506138366,0.21770552214589248,-0.4643475179875032,0.7800738043480901,4.0
2026-08-01,-0.41684364093633836,0.27045547720913704,0.49834241031168014,0.9188677411586647,4.0
2026-08-02,0.02649318116823676,1.0,-0.15823887737771214,1.0,1.0
2026-08-03,0.05979349348534999,1.0,-0.9473551649873282,1.0,1.0
2026-08-04,-0.14661757668350656,0.6398122492049872,0.6058877456094279,0.6922764974475244,10.0
2026-08-05,0.27695821415563837,0.029326993254588294,0.8469978729839778,0.6425982566698242,2.0
2026-08-07,-0.03860984682097307,1.255595008498991,0.5477637215615576,0.746602862268653,4.0
2026-08-08,-0.701520667118432,0.007899958276092068,-0.2741662190611124,1.387729585340778,2.0
2026-08-09,0.8275416869121769,1.165539978321764,0.6590028196349038,1.6401644977281356,2.0
2026-08-10,0.42686785105204156,0.45827236355616036,-0.056919865047609715,0.6344270647323914,3.0
2026-08-11,0.7478474945414615,0.10529959521496321,0.5825196296011937,0.13780606516728083,2.0
2026-08-12,0.9528457122756828,0.17194195939376364,0.6993870591682978,0.789070010512221,2.0
2026-08-13,-0.07582632438558864,0.542951809047955,0.6510393628719293,1.0099070162603714,4.0
2026-08-14,-0.46839783132916174,1.5042678761470312,0.2095239692623511,0.6931258285587961,3.0
2026-08-15,-0.09207454402227411,1.0,-0.18477904847713533,1.0,1.0
2026-08-16,-0.9205631825032619,0.42364460635249407,0.9467906644284572,0.08259635966088812,2.0
2026-08-17,-0.7591909664817736,1.0560984568441578,-0.7345584788343904,0.024939778040371872,2.0
2026-08-18,-0.5743222392754956,1.0,-0.6952617891299304,1.0,1.0
2026-08-20,-0.710480223712119,0.35426200413295844,0.07140179813689579,0.5573351534569805,3.0
2026-08-21,0.6554277104779622,2.0567931370953625,0.6816848922187507,1.0994936649886182,2.0
2026-08-23,0.42725034384013383,0.749303165060924,-0.2620352637173592,1.3926822887556314,2.0
2026-08-26,-1.262864312223658,1.0,-0.3112342684773448,1.0,1.0
2026-08-28,0.5092578907159214,1.0234878828805263,-0.06442169886655205,0.7137085140635564,5.0
2026-08-29,-0.21032759974336832,0.14892574810710438,0.10841906733713197,1.2584014653971722,3.0
2026-08-30,0.7860578151762336,1.141036570889725,-0.6575259189171345,1.4455606139471089,2.0
2026-08-31,0.19849237383683271,0.4100986334510884,-0.49339363555488047,0.7007457156041462,3.0
2026-09-01,1.3630865123026643,1.0,-0.0746429753639214,1.0,1.0
2026-09-03,1.460503826013382,1.0,0.8489572513013314,1.0,1.0
2026-09-07,1.173746419925438,1.0,0.16127777936239104,1.0,1.0
